lossg_mean_0,lossg_std_0,lossd_mean_0,lossd_std_0,dx_mean_0,dx_std_0,dgz_mean_0,dgz_std_0,lossg_mean_1,lossg_std_1,lossd_mean_1,lossd_std_1,dx_mean_1,dx_std_1,dgz_mean_1,dgz_std_1,lossg_mean_2,lossg_std_2,lossd_mean_2,lossd_std_2,dx_mean_2,dx_std_2,dgz_mean_2,dgz_std_2,lossg_mean_3,lossg_std_3,lossd_mean_3,lossd_std_3,dx_mean_3,dx_std_3,dgz_mean_3,dgz_std_3,lossg_mean_4,lossg_std_4,lossd_mean_4,lossd_std_4,dx_mean_4,dx_std_4,dgz_mean_4,dgz_std_4,lossg_mean_5,lossg_std_5,lossd_mean_5,lossd_std_5,dx_mean_5,dx_std_5,dgz_mean_5,dgz_std_5,lossg_mean_6,lossg_std_6,lossd_mean_6,lossd_std_6,dx_mean_6,dx_std_6,dgz_mean_6,dgz_std_6,lossg_mean_7,lossg_std_7,lossd_mean_7,lossd_std_7,dx_mean_7,dx_std_7,dgz_mean_7,dgz_std_7,lossg_mean_8,lossg_std_8,lossd_mean_8,lossd_std_8,dx_mean_8,dx_std_8,dgz_mean_8,dgz_std_8,lossg_mean_9,lossg_std_9,lossd_mean_9,lossd_std_9,dx_mean_9,dx_std_9,dgz_mean_9,dgz_std_9
-0.28136491933763025,0.06953009916558747,0.3445552354514599,0.14134904022536057,0.6876980679810047,0.16049569510193348,0.24344108775258064,0.05180765931051025,-0.27813326258361337,0.06896772149053011,0.34499809739589693,0.1413300683207502,0.6850577862679958,0.16052751784193026,0.24102233194708825,0.05146101198148465,-0.2720783262640238,0.06739434884721265,0.3477247189447284,0.14376007293329895,0.6779539375126362,0.1613603970367897,0.23649331187307834,0.050610981239631564,-0.29083205813467505,0.07272770426265376,0.34398477923721077,0.13830517656657676,0.6942163835018873,0.15924237096479857,0.2504028637886047,0.05357634231812948,-0.2714392486304045,0.06761344458307601,0.3469617470890284,0.14352662112813264,0.6784399885773659,0.16115859796550216,0.2359946211516857,0.05078224158857257,-0.2649086094468832,0.06555063203755311,0.34725094802081585,0.14427240693823426,0.6740500881582498,0.16150902651905755,0.23109004361331462,0.04968404833976116,-0.27322596181631087,0.06735978001034798,0.34619324444234373,0.1429185538607472,0.6806223657697439,0.16136316900192177,0.23737077687084676,0.05052440231024302,-0.28243045125305655,0.06925737850985166,0.34527904026955364,0.14015083864073885,0.687416353097558,0.16041193122366507,0.24425961559414863,0.051554560635426176,-0.2740996561288834,0.06843186120623064,0.3457338756546378,0.14199458556738817,0.6815449210613966,0.16059013632005026,0.23798228921890258,0.05127442565294145,-0.278823201367259,0.06811195258680676,0.34503334940969943,0.1408551448843409,0.6854316103160382,0.16044108469726415,0.2415879801750183,0.05086402677531424
-0.6281458285272121,0.13092781581874488,0.5928186157882214,0.09599950740541636,0.578176582634449,0.07884535248221021,0.46192607769966126,0.06843204263869945,-0.6284724011719227,0.13144938913973178,0.5911539240777492,0.09669915010533606,0.580159879565239,0.07817964671701728,0.4620692644238472,0.06862545621951019,-0.6270990743219852,0.13158699818371544,0.592164422237873,0.09482593852280008,0.5782974532783032,0.07863601390261842,0.4613258465617895,0.06868067428515107,-0.6370532634705305,0.1345427966100302,0.5914035932540893,0.09647131678852723,0.5847779496312141,0.07813860767951782,0.46646530626416205,0.06939679274331373,-0.6362364835560321,0.13073216928029874,0.5918237739980221,0.09574088034399077,0.583841033923626,0.0782414769456952,0.46627594203948974,0.06779738619034066,-0.6267047608882189,0.13493533026498902,0.5927460465788841,0.09755504800431432,0.5774473023235798,0.07886790280216469,0.4608822337180376,0.07041114564562401,-0.6165265687286854,0.13136630098748275,0.5902682337284089,0.09593665564434875,0.5745028988003731,0.07892064549368469,0.45563460229039193,0.06887190429496269,-0.629052259606123,0.1353237537060269,0.590399905782938,0.09649053059727908,0.5814298644006253,0.07872372829116922,0.4621356759816408,0.07008804735241256,-0.626123295724392,0.13267661342051099,0.5900080775499343,0.09667662207706354,0.5801430213451385,0.07827004204137251,0.4607318515717983,0.06916159396772133,-0.6335657006084919,0.13263172504920345,0.5901453140020371,0.09590791860405233,0.5842417043328285,0.07828196148478293,0.4647263819396496,0.06880153470226479
-0.6436609028279782,0.12830051585300273,0.6369377375304699,0.09648371558745174,0.5376482856154442,0.07350621284280438,0.4703608691453934,0.06653230661188553,-0.6467942909836769,0.1304696031727545,0.6364141765356064,0.0958623397937972,0.5398430704593659,0.07339208377518425,0.47187452823519704,0.06742241473055385,-0.6626330708563328,0.13358768070108887,0.6377800791144371,0.09731080649866305,0.5468726290404796,0.07366450052440678,0.4799611079275608,0.06803626296730665,-0.6415248843848705,0.12955801335609515,0.6369432959854603,0.09612276290048319,0.5365211668550968,0.07353695313224486,0.46913318887352945,0.06759572860409002,-0.635289759504795,0.12801861464810504,0.6389116187036037,0.09551987841999554,0.5311589862823486,0.0732988089869906,0.4659214102268219,0.06710772593793023,-0.6514016472280025,0.12882660219474423,0.6395282264232636,0.09393493174546225,0.5390322749078273,0.07372643599203854,0.4743942391335964,0.06667163800740589,-0.6576214635372162,0.13053361148318668,0.6376699996113777,0.09545166451129078,0.5442901232242584,0.0735520765158703,0.47755150500535964,0.06686758981416514,-0.6366117348313332,0.13005957728315956,0.6384294040858746,0.0967433262422574,0.5323329248011113,0.0731778822428344,0.46648649175167084,0.06813402655242368,-0.6507783077001572,0.13001963536979466,0.6399994642615319,0.09601748751558943,0.5381576728343964,0.07340503781425131,0.47399873899221423,0.06706166332605713,-0.6660061977803707,0.13313893197470328,0.6395586425840855,0.09544795599616067,0.5467344088435173,0.07338048095481498,0.4817437637388706,0.06755999602387648
-0.510591668048501,0.097785359456702,0.6496558226466179,0.08695683116998527,0.459141208422184,0.06582856161293704,0.3970295912504196,0.05766390155097378,-0.5096324451863766,0.09776077128607708,0.6530134114384651,0.08723346523363744,0.4556707902789116,0.06561152447276533,0.39645498162209986,0.057653009323811705,-0.520127301222086,0.10232263260057187,0.6505570541203022,0.0883005989641102,0.4627252536296845,0.0664890701907973,0.40249864911735056,0.059441470998872245,-0.5236748866587877,0.10210833043314013,0.6503383632838726,0.08770792935758255,0.46448841713666916,0.06615778683375596,0.40462137356996536,0.05927954043401556,-0.5218434325814247,0.1005881308717235,0.6508932422876358,0.08801892806097643,0.46310984247326853,0.06584871053475677,0.4036166688799858,0.05858291753657601,-0.5272132319569588,0.10042064657269635,0.6497481111764908,0.08659592428280288,0.4666540082633495,0.06623963806948631,0.40682288749814033,0.05810590231116832,-0.5247151645600796,0.10041753878100713,0.6510684068262577,0.08865392572162291,0.4643303475618362,0.06638146811864895,0.4053365696579218,0.05833055715211239,-0.5387175531923771,0.10375807050321585,0.6486525864124298,0.08796460357005392,0.47299938883781434,0.0665087555189744,0.41341688539385796,0.059232944616300416,-0.5078592926472425,0.09575623506842526,0.6527117034494877,0.08577646092892498,0.45506017521619796,0.06494787018040657,0.39549074797928335,0.05679742377433654,-0.5205718412518501,0.10011216990419093,0.6502659112095833,0.08680868274282533,0.4630755268394947,0.06565383694751038,0.40288697397112844,0.05834760550454329
-0.6198598293423653,0.10639108640779839,0.6663503954589367,0.08278202777407262,0.4941825175642967,0.061638085731639904,0.45891306180655955,0.0580784166425265,-0.6342474744081498,0.1112973596581599,0.6645671000599861,0.08339054027168327,0.5030417431414127,0.06199325586596316,0.4663601972222328,0.05983927938458291,-0.6338998451948166,0.11080480980447585,0.6639673503518104,0.08351311049847293,0.503474153137207,0.06206582389297188,0.46620437408685683,0.05957782608202701,-0.6300274136304855,0.1093974489042633,0.6648208261787891,0.0837299149398075,0.5006757520020008,0.06177963936452235,0.4642117144048214,0.059173398063193064,-0.6363197427809238,0.11097717326508826,0.66542881077528,0.08383197225806342,0.5032342116475105,0.062173241510992336,0.4674830227136612,0.05956467233407842,-0.6250366190314293,0.1089248656291043,0.6653846953988075,0.08305628620121752,0.4976864593088627,0.06188055305244656,0.4615607391655445,0.05915189127116211,-0.6204814249932766,0.10874852826408513,0.6648468614578247,0.08606553194460742,0.4960712341547012,0.06252029336902348,0.4591127296060324,0.059341385443905575,-0.6259283358812332,0.10739015956495017,0.6658943269491195,0.08139156667359167,0.4975238512098789,0.061136187487735846,0.4621302815556526,0.05827031069161066,-0.6469059909164906,0.11208595673362684,0.664900855255127,0.08318873806530669,0.5089282110393047,0.061315272696493964,0.4730258307874203,0.05952903540089106,-0.6351294436097145,0.1105114444335601,0.665708204972744,0.0842047030329202,0.502294719851017,0.06155970756511307,0.46687983189225196,0.05928187749794134
-0.706598397320509,0.0987345710525496,0.6683530846893787,0.07138949864862101,0.5352796729624272,0.053627460087400027,0.5042826833307743,0.04867503164514197,-0.7066376656115055,0.09870942682091202,0.6674408337473869,0.07008803406390583,0.5362073460757733,0.05302128778844951,0.5043062193453312,0.04859265726374338,-0.7020992323458195,0.10120898103360282,0.6677074172616005,0.07171232996121299,0.5335406541824341,0.053246465426820176,0.5019241279959679,0.05017220166051468,-0.6992763571560383,0.09982638326446226,0.6667637349128723,0.07118445627915954,0.5330638199090958,0.053370556462614675,0.5005843784570694,0.04963361161350841,-0.7186748874783516,0.10292430312992788,0.6685149443626404,0.07095281839285011,0.5414749223709107,0.05299793407723877,0.5100282713830471,0.05014758083773183,-0.7000571602880955,0.09922156277217462,0.6681160772323609,0.07095794552917718,0.5320361899018288,0.053299273030558675,0.5010091637015343,0.049155824487143354,-0.6842115667939186,0.09625436861872927,0.6657662560105324,0.07006196247232412,0.526130096065998,0.052631773887876966,0.4931872563123703,0.0483569418395497,-0.7085562822759152,0.1006840164700358,0.6688043747723103,0.07228056785822769,0.5358184936463832,0.05341248621627563,0.5051572397708893,0.04955076577735743,-0.6952291839182377,0.09987949232795541,0.6663107137918473,0.07066721027573612,0.5313452654540539,0.052789585304127404,0.498557411468029,0.04983361291688714,-0.7130839769005776,0.10217506659242113,0.6688568677604199,0.07177894204266289,0.5381657530069351,0.05340539189898781,0.5073211753666401,0.04998723061430472
-0.715469562202692,0.11395970574109182,0.6642684809625149,0.08006915676413404,0.5450945943772793,0.06026456223222646,0.5078902874171733,0.055208565686027104,-0.7228471184313298,0.11825930357717239,0.6663999859929085,0.08192796778985327,0.5468578650593757,0.060959117418422956,0.5112578139901162,0.05714442594462257,-0.725520505285263,0.11646761178159334,0.664854261380434,0.08151249635904186,0.5500106851458549,0.0612229771910778,0.5126649339318275,0.05610444260604343,-0.7239748680233955,0.11585460099686012,0.6656821037590503,0.08046506874158968,0.5481703867793083,0.06031756172660632,0.5119462530970573,0.05585896158477571,-0.7276320012807846,0.1141784297353877,0.6641075301527977,0.08006307824852846,0.5518642545998097,0.06023900141006924,0.5138253503024578,0.05471364382623048,-0.6956593909978867,0.11082586118543439,0.6628394002795219,0.0785867754645692,0.5359538266658783,0.05936028104320828,0.4982072572171688,0.055072722519672664,-0.7307598732113838,0.11832087869805527,0.6655774769008159,0.08179715630621927,0.5520255135595799,0.06077800326861997,0.5151119693100452,0.05659116168361063,-0.7191503173768521,0.11161961258332355,0.66257329621315,0.07918343105510493,0.5488356803834439,0.05949799505489608,0.5098165360271931,0.05414315762813981,-0.7152399339079857,0.1147488884815895,0.6620723575651646,0.07887729476800213,0.5472614254832268,0.05949133531728266,0.507724779433012,0.055852848153249236,-0.7319797636270523,0.11566039539018982,0.6658020423769951,0.07930859751781247,0.5523234357595443,0.05969175159205122,0.5158473116695881,0.05534672354587772
-0.6093049333691597,0.1161379604919318,0.6686675302386283,0.08702939971912296,0.4867569077193737,0.06175861900441586,0.4527138257265091,0.06064271524627743,-0.6071951802134514,0.11555647181669444,0.6696786017239094,0.08638283326555315,0.4846849294662476,0.0609381304254846,0.4515983498513699,0.06035574086283053,-0.6005171462535858,0.111131149729102,0.6688052583038807,0.0844876415595735,0.4823118624448776,0.060722054375215835,0.44817585451602937,0.05880124666036706,-0.6203466790020465,0.11751971130720353,0.6697757528305054,0.08606190343344415,0.49092757784724234,0.06109762368015609,0.45862858736515044,0.06097653496513343,-0.6050714832901954,0.11253569968782319,0.6686419503748416,0.08427719949933804,0.48461847039461137,0.06058424902506107,0.4506032150328159,0.05918500716644038,-0.608380842590332,0.11369168897692963,0.6713247475326061,0.08481529503729374,0.48356939183473585,0.060090366723818296,0.45235499024391174,0.05946700546264472,-0.6209742568969726,0.1148269842875856,0.6700410184264183,0.0825093799478706,0.49094962558746336,0.0608816860554956,0.4591426918268204,0.05926582187928184,-0.6128087043523789,0.11550671900436574,0.6691730468034744,0.08551900800203115,0.48787319217324254,0.061128610964365164,0.4546702397406101,0.06002788273261445,-0.6226689408957958,0.1127362034556187,0.6673828406572342,0.0841084465075346,0.494315467274189,0.06053391256407088,0.46017225702404974,0.0583312815554484,-0.6097746112167836,0.1121685723044189,0.6681621310293675,0.08454351765360085,0.4874668290257454,0.06168642555443257,0.4532011728107929,0.05877385405605507
-0.6885994809091092,0.09736464498846917,0.6715361186683177,0.07132309985073271,0.5224013553798199,0.05191160453892318,0.49531867812275887,0.04976690700377962,-0.700465044504404,0.10015113918472472,0.6703592117905617,0.07118751193124423,0.5298784062325954,0.05262701686839863,0.5011370704233646,0.05050826565156171,-0.6843866615533829,0.10114615036733551,0.6717662011802197,0.07369731895414304,0.5201917066633701,0.053749459014689,0.49299353947043417,0.05204845095390003,-0.689131088322401,0.09846740026497594,0.6695070876300335,0.07124547661135067,0.5247810875356197,0.05193104029892469,0.49553080234527586,0.05035026960805626,-0.6940126224339008,0.10041008482570896,0.6703601080417633,0.07173933815596757,0.5264870986163617,0.05242976166550374,0.4978880655288696,0.051158028158630825,-0.6916295536041259,0.09904624311106631,0.6707375220417976,0.07091729951987741,0.5247838751554489,0.0518225123774614,0.4967696601033211,0.05025712376667216,-0.672664995086193,0.09985904376234472,0.6710419202685356,0.07281359630233028,0.5148771709620953,0.0532252429378858,0.4870927650690079,0.0516581880830351,-0.6718245189785957,0.09645858871812034,0.6705200962841511,0.07146121339911678,0.5149017148435115,0.05249879270522432,0.48682778847813607,0.05010106901166533,-0.6759891910970212,0.09779555804518711,0.6694071709871292,0.0731698310098377,0.5181709796845912,0.05258397680243541,0.4889020650565624,0.050344989902697077,-0.6970015219151974,0.10195551054854242,0.6719856051564217,0.07281979440161546,0.5264189834535122,0.05303520752061815,0.4993143818974495,0.051608177909427094
-0.6114088286340237,0.08775042132438883,0.6905270872294903,0.0721920426873977,0.4661865112900734,0.05236094716772259,0.4553202245950699,0.04789277219897237,-0.6132585100114346,0.08613173976604477,0.6899964968800545,0.07031172690152485,0.46743276613354684,0.051546413765974866,0.45640903733968735,0.04672332284304501,-0.6032584435641766,0.08565873618370153,0.6890621794641018,0.07108412112383461,0.4636478475391865,0.051207803073271996,0.45096824372410776,0.04692450144285585,-0.5913724432110786,0.08372511017225441,0.6920310604512692,0.07062798049320268,0.4555261475622654,0.05093184752063244,0.4444984762966633,0.04625771814804549,-0.6053196883201599,0.08614727686800586,0.6904208548069001,0.06987853381320365,0.46330694237351416,0.05089408317896154,0.4520780492424965,0.04702286516646979,-0.6012648304283619,0.08486367144907371,0.6903849530756474,0.07111101712089535,0.4615696823656559,0.05152807882902478,0.449910413813591,0.04655549824603735,-0.6193753721237183,0.08851273232730952,0.6905838618934155,0.07151557977550292,0.46981216642260554,0.05237141282335934,0.45961104778051376,0.04776684923470213,-0.6026038876175881,0.08201050611990139,0.6902603465974331,0.06795411953837514,0.4621412328362465,0.050157069284251954,0.45077538009881973,0.04497249954527983,-0.6015062017202377,0.08438280055785076,0.6898971559345722,0.06969166792779907,0.46197918591499326,0.05022883444822826,0.4500653491437435,0.04628781885739847,-0.5999734510779381,0.08640190793774374,0.6918286910951138,0.07228053450395618,0.459715934497118,0.05194501261899439,0.44913470303416253,0.047216672355427
-0.689692750120163,0.0991953668659957,0.6815062401592732,0.07226183728149828,0.5128580947518349,0.05411865789463367,0.49583917149305345,0.0487992234704892,-0.7013442281425,0.09707802590620815,0.6816886273443699,0.07017777834590785,0.5185620960116386,0.05355886121201824,0.5017734717071056,0.047421952016480216,-0.6669196515798569,0.09420384919090997,0.6808736716806889,0.07073990838075629,0.5019360086321831,0.052925402194539874,0.4844673111498356,0.04749034107315064,-0.6961575922966003,0.09956572763146906,0.6822752209186554,0.07421401040928251,0.5154234495460988,0.05474455386321044,0.49906995341181754,0.04867747055502196,-0.6740522083699704,0.09495587172003281,0.6818823752760887,0.0710547982762703,0.5045110578238964,0.053199079829993494,0.4880966791152954,0.04750457241607614,-0.6877931057572365,0.09547251955143969,0.6815714435935021,0.07081639127686627,0.5117075665652752,0.0529773428672031,0.4950531870722771,0.04725730003487889,-0.6844343869030476,0.09706988015487111,0.6818801555097103,0.07146534613800244,0.5097377582073211,0.05331702446732479,0.49328508336544036,0.047995887480655905,-0.6818682672381401,0.09911903471282758,0.6810076516091823,0.07304686329169276,0.5093314593493938,0.053398684266610326,0.49188293362259866,0.04914290430879754,-0.6868204421877862,0.09626753405362423,0.6805367982268333,0.0718126323883502,0.5123187836647034,0.05346361518790968,0.49452727017998693,0.0476063551164772,-0.6843241135656833,0.09569116096813989,0.6810571225345134,0.070862166341075,0.510500392884016,0.05321532751437151,0.4932924392521381,0.04740621343878753
-0.6004177327275276,0.07714989630763262,0.6785253756701947,0.056938564193439914,0.47093054740428925,0.039742719744809106,0.449789689296484,0.04221062541144492,-0.5867939634740352,0.07847653361972078,0.6801537186980248,0.05969991287825094,0.4632078191936016,0.04087300806837977,0.44218473757505417,0.04355291266390586,-0.6002147083222866,0.07853009081835695,0.6788893398284912,0.0583557403105377,0.470584375590086,0.04073951508078179,0.4496210651874542,0.042914384163381177,-0.5944763326525688,0.07938581650588712,0.6788326269209385,0.05957834801227711,0.4679754232764244,0.0408555830552146,0.4464154176652432,0.04367938852855172,-0.6126730692446232,0.08034036063372248,0.6791864701807498,0.059205597971715436,0.4761294069290161,0.040400764795125076,0.45636019449830056,0.04327682999219529,-0.6009442403793335,0.07949836483473667,0.6769408300757408,0.05863584597017647,0.47273306123018266,0.040531146142710466,0.44998168097734453,0.043376699217040834,-0.6071202977955341,0.07916336313794922,0.6786462317407131,0.05797965015989576,0.4739879011154175,0.040031128147905166,0.45338176194429397,0.042963268738341116,-0.5943894670724869,0.0795905220275742,0.6798903847754002,0.05945369593580283,0.46694749569892885,0.04078776743171437,0.4463585191130638,0.04379033200933166,-0.6077195845544339,0.08087519607565853,0.6796331033289432,0.059508740435031404,0.4734263469338417,0.04096445203064867,0.4536321394264698,0.04396853425292059,-0.5836958408534527,0.08034194951759942,0.6796384911119938,0.060468236305949385,0.46227136905789373,0.04101778978953447,0.44037570712566376,0.04457292593498736
-0.6869084917366505,0.08340227178305722,0.6677954366326332,0.06142459406223853,0.524856275087595,0.046983796155961204,0.4951294935107231,0.04173408075879622,-0.7076112572729587,0.08980791015828866,0.669126170450449,0.0637578687984235,0.5344000091910363,0.04770543444789918,0.5052060883939267,0.043933257678003386,-0.7101319417893887,0.08731249575305719,0.6686638339221478,0.0623514589759344,0.5361267857313156,0.04652343879539721,0.5065617272257805,0.04252358175582591,-0.6836622088074684,0.08555080600836669,0.6684710007369519,0.06332451080586414,0.5224804820179939,0.04708654892182531,0.4933978682100773,0.04293904675128213,-0.6907784242630005,0.08711959983591729,0.6677910114228726,0.06177821305565042,0.5268920124351978,0.04707713113641025,0.49692852033376694,0.04322398934486218,-0.6771513808608055,0.0848924867453974,0.667536713808775,0.061845935440210296,0.5200219594597817,0.046469719366413205,0.490120742303133,0.0427613130641839,-0.6936330748498439,0.086725197924015,0.6682277169227601,0.06256702139281956,0.5279514715969562,0.0473510646141271,0.49838067995905877,0.04286748125011462,-0.6903316988170147,0.0859647409789805,0.6687970459520817,0.06256604985308198,0.5255780706584453,0.04675008142999995,0.4967519582867622,0.04271375034360641,-0.6916440208911896,0.08703080556346492,0.6696639631390572,0.06316458626960296,0.5254749987006188,0.04803134069795131,0.4973645183324814,0.04324025003627763,-0.6896409876286983,0.08881455546297114,0.6689507173657417,0.06434244068199153,0.5251352929711341,0.047615246862306254,0.496279499989748,0.04420517534973025
-0.6214056343317031,0.10776204131659345,0.6848611720442772,0.07935738522906635,0.4763102111756802,0.05461322177629444,0.4597365811228752,0.056912582840361076,-0.6330596679925918,0.11036897611966968,0.6848600133061409,0.07996563827499956,0.48191057041883467,0.05537823771671456,0.46584087967872617,0.05779684831051012,-0.6263746028006076,0.11103384630306386,0.6843008367598057,0.08019576426441564,0.4793015710473061,0.055542165588983956,0.46220328826904294,0.05894989170624454,-0.6220539986610413,0.1051372658282328,0.6846123701155186,0.07862623532664648,0.4768229757428169,0.05430435610276109,0.460224020755291,0.05577301176252018,-0.6081828462660313,0.10507328663274111,0.6866540964186192,0.07916094583576468,0.4684563375651836,0.05434661586688419,0.452682498472929,0.05667428852579598,-0.6150186198174954,0.10637832013703626,0.6847481030583382,0.0791851764973307,0.47347188923954964,0.054887087080214794,0.45633464404940605,0.057068923100203554,-0.6238826010644436,0.10950922729495625,0.6838718435883522,0.08025803666446225,0.4785488596320152,0.0557464720439701,0.4609578916788101,0.05810713060359178,-0.6215926989078522,0.10527959230771648,0.6855076161324978,0.07667037489021072,0.47572724526524546,0.05393217308046133,0.4599569157540798,0.05616699102380079,-0.6200272256851196,0.1055792593662439,0.6844484193086624,0.07779023351707293,0.47605349826812743,0.05452007703444474,0.45910215710401536,0.05618667688771322,-0.5993638468265533,0.10448474287272076,0.6885545240283012,0.07858458629974831,0.4626138799071312,0.05385219518025421,0.4478622175872326,0.05700916176880561
-0.6695539867341518,0.08446874628760247,0.6775795630693435,0.060708494279454815,0.5056836517035961,0.04364954581379521,0.48624898319244386,0.0429160274353735,-0.6882456074178219,0.08560426968570313,0.676033935379982,0.059603074895335055,0.5166883926033974,0.04310977011327794,0.4957131927192211,0.042736628294580865,-0.6573325880229474,0.08035991309914182,0.6761257958948612,0.05915213293371915,0.5009109915971756,0.04224791385093081,0.48010422762036326,0.04139164877510286,-0.6595160137236118,0.08168738267058936,0.6758458568990231,0.059296748045454185,0.5022979641914368,0.04251438574244127,0.4811826069831848,0.04199606620457012,-0.6702479436159134,0.08289628446025092,0.6764568537592888,0.05944673340623093,0.5071224824309349,0.0431961318485629,0.4866703551352024,0.04215495957308662,-0.6931928410172462,0.08456204563375724,0.6766465880155563,0.05907615501747263,0.5186150970220565,0.0433350604205186,0.49824935926795005,0.041880687092763415,-0.6666746698081494,0.081829720859941,0.674476249051094,0.05844536560916465,0.5072825927972794,0.042833087886319586,0.4848789346814156,0.04171252086158357,-0.6766564802467823,0.08321788706957003,0.6760785991668701,0.05969941315129546,0.5107682938754559,0.04353130498873901,0.4899360199689865,0.04204871801793902,-0.6768698095738888,0.08476924369379699,0.674476767385006,0.059777846821573596,0.5124375318467617,0.042738615014999336,0.48998311018943785,0.04268228834813451,-0.6849778259634972,0.0858766109668978,0.6766441893577576,0.06072123369985997,0.5144488916933536,0.04372430776166612,0.49405220021009444,0.04297292485202853
-0.6414536421537399,0.08255074261903769,0.6848110488951206,0.061027770007148846,0.484755704754591,0.04343319123290777,0.4716817233026028,0.04348414175627083,-0.6412533034324646,0.08550369485950772,0.6851740160703659,0.06215406753322055,0.48437927781939505,0.04413132356657078,0.47144617903828623,0.04503538750209286,-0.6400802168667317,0.08497250548797633,0.6835200637936593,0.061940928568988265,0.4853668510377407,0.04369167468813489,0.47084724505543707,0.04488717342393058,-0.6423103262543678,0.0849034805399472,0.6843588772773743,0.0627621573896714,0.48567391965985296,0.044161993139375924,0.4720299629211426,0.04471945631401823,-0.6540973925411702,0.08711046138816146,0.6852016740739345,0.06246949167922747,0.4905212585389614,0.04372662327621047,0.47811756188869475,0.04536883129082023,-0.6344211508929729,0.08489469146858253,0.6847630132675171,0.0636834505541684,0.4815917329013348,0.045089146619237165,0.46784630644917485,0.04515129636411591,-0.6262340991437435,0.08442849739662532,0.6853456191241741,0.06264984168547648,0.47704387816786764,0.04405248397052706,0.4634974665939808,0.045106443886219705,-0.6447883056759834,0.08565846004357311,0.6829436763465404,0.062291458034075896,0.4882478999853134,0.044295605592669145,0.47330171330571175,0.04504625219512626,-0.6264633886873722,0.08331570216487762,0.6851955497264862,0.06349305866952568,0.4773654928505421,0.04473880813856861,0.46366551961898805,0.04466986352176883,-0.6595512977838516,0.0863573927089174,0.683285486882925,0.06194158196992455,0.4950766148924828,0.043900018509239386,0.4809906419873238,0.04470399955176849
-0.6337697398066521,0.07030414654095157,0.6805320217490196,0.05173197584779368,0.48455759463310244,0.03554097401976769,0.46809106045365334,0.03778149749778249,-0.6309123327553272,0.06969322340363819,0.679081047540903,0.05128059347760012,0.48460413667559626,0.035841089114476324,0.466591871792078,0.037574185598548825,-0.643620073902607,0.07158577808086983,0.6791958739519119,0.05180928733555448,0.4906315161943436,0.035548518353275424,0.47325681327581404,0.03809992605463573,-0.6366433158934116,0.07229818613030387,0.6802071538209915,0.05264909218031034,0.4862610749721527,0.03557059077169984,0.4695397723376751,0.03882830221084355,-0.6379762740850449,0.07052749946228329,0.6797920549750328,0.05126406801522507,0.48728243275284766,0.03519833514790097,0.4703162756562233,0.03771930989627769,-0.6356407620191574,0.07250831343323538,0.679182701420784,0.05202960276931145,0.4867964645206928,0.035951632785624174,0.46900025379657745,0.038954294442279824,-0.6443990952968598,0.07181720004923656,0.6786755947351456,0.05139192013774306,0.4915018369793892,0.035306237871782976,0.4736573326766491,0.03823448560382959,-0.650214282810688,0.07135851424043961,0.6805798963189125,0.05093564136440616,0.4924724184513092,0.03514938176726137,0.47672720978856087,0.0377380480477581,-0.6544737953007221,0.07314915482639886,0.6785900287389756,0.05204051555296831,0.4965490062355995,0.03552329418860481,0.47888486728072166,0.03847181863738971,-0.6493201792538166,0.07394124781094247,0.6800214654564858,0.05255852892964149,0.4926498511910439,0.036106875260428606,0.4761587889909744,0.03921279052820714
-0.633284447824955,0.11500928921697572,0.6938840492606163,0.08228733248107249,0.4736669731259346,0.05714047528078563,0.46569346677064893,0.05997879293527932,-0.6407319698274135,0.11320566537216396,0.6911524665355683,0.08197149255645972,0.47960515994429587,0.0560746058876437,0.46977780718207357,0.05827887682018964,-0.6396917932748795,0.11167955375959066,0.6908790168821811,0.08040566495675204,0.47940409708023074,0.05620157889584559,0.4692954714477062,0.05805403108189358,-0.6419664786696434,0.11396249407219428,0.6916480295240879,0.08192255727862591,0.4798204518735409,0.056931695533282915,0.47037952902913094,0.05880455308054686,-0.6316357492804527,0.11115839343549724,0.6922574978172779,0.08090442820678424,0.47429847240448,0.05601730046759298,0.4650366508364677,0.05815805237037468,-0.6386308999836445,0.11215305391539913,0.6915544519543648,0.07995063760167632,0.4781702837944031,0.05543026058133454,0.4687042124807835,0.05838493656875483,-0.6339226682841778,0.11119761789878661,0.6911026815772057,0.08209118804949873,0.47647605469822885,0.05621595690288285,0.46625870661735536,0.05799923361120627,-0.6302528845191002,0.10681031958887174,0.690789188683033,0.07850796983564831,0.4749165947079659,0.05515685919433585,0.46454928764700887,0.05585169027788931,-0.6249621399760247,0.10909807331267263,0.6933161380827427,0.08068469860363243,0.47007789340019224,0.05505538423161524,0.4615808264374733,0.05729394115972021,-0.637786646682024,0.11166276999279547,0.6922765389084816,0.08091035456521224,0.4771883661746979,0.05631696200389309,0.46829754325151446,0.05781818008460274
-0.6257221112668514,0.07761734066847295,0.6853146053671837,0.05781761767266216,0.4764717452585697,0.04000381078107945,0.46351817539930346,0.041428825367761046,-0.6217331627607345,0.0756728540547105,0.6851227396249772,0.05690619924166235,0.4747536033630371,0.03981726461094579,0.461455099260807,0.04049457927088807,-0.6219321126163005,0.0758205442422732,0.6857238623023033,0.056697333769495685,0.474261968767643,0.03964003333898355,0.4615600375711918,0.040418076356976466,-0.6251179273962975,0.07572040018017112,0.6857707801818848,0.056953125562817064,0.47570452542901037,0.039457334036836204,0.46327658064365385,0.04024452800060291,-0.6119506463468075,0.07669772277623352,0.6860562314152717,0.05801630979625562,0.4693443376600742,0.04039565268253056,0.45612103379368785,0.041363110183831646,-0.6387253512382507,0.07841327065033016,0.684089597260952,0.057061398408182355,0.4838314965724945,0.03993416198651239,0.470420141941309,0.04117051827862025,-0.6248871520221233,0.07807640679724259,0.6862434224367142,0.05761584961342504,0.4752237257897854,0.0402846742011736,0.46305233944058416,0.04165961560459199,-0.6266297576367855,0.07492047416114057,0.6849693858265877,0.056033269757551345,0.47715353533625604,0.039170598927499876,0.4641161316096783,0.03988320030909212,-0.6340366220831871,0.07802043249563222,0.6843853782534599,0.057555501044250605,0.4813661072611809,0.040682472567942794,0.46794833814501763,0.041125906235870334,-0.6277422521471977,0.0764944005876539,0.6851416532993316,0.05713644338039643,0.4775800975322723,0.03989008532424555,0.4646502904832363,0.040613100496047126
-0.674335765182972,0.0637199434296459,0.6848935513615608,0.046773212713988085,0.5000722440361977,0.035047299852552116,0.48947763845324516,0.03217010597503799,-0.6921875210285187,0.0647356662733446,0.685364587533474,0.04746379106816358,0.5085928514719009,0.03552661264500912,0.4984781152427197,0.03212611760456993,-0.6848408747076988,0.06383630686691741,0.6844390250563621,0.047702273595184315,0.5057990927040577,0.03524427779948671,0.49480906728506086,0.0319128969173562,-0.6813440752983093,0.06524674092403131,0.6848125483512878,0.048070895946446264,0.503704364901781,0.03577763438613179,0.49299620836377145,0.03261950983669125,-0.6812220106720924,0.06379268365758246,0.685799598789215,0.0469106590969149,0.5025794886827469,0.03468039237293475,0.49297910175323484,0.0319949371324482,-0.7080785096168518,0.06763171074102349,0.684340384709835,0.04878555198012636,0.5178052794694901,0.03628113796080196,0.5062933085441589,0.03294110327038748,-0.6736634605407715,0.06402295623685841,0.6842467031002045,0.04775465909919566,0.5004168512105942,0.03556721796294576,0.489126308453083,0.03228541872144072,-0.7015394380450248,0.06715657827268419,0.6836053928971291,0.04814420865245816,0.515188410538435,0.0361200514009732,0.5030693511903286,0.03295247804044304,-0.6883941461980343,0.0618830795688284,0.6838711331129074,0.04574370034505181,0.5080967120349407,0.034239319721543,0.4966610080718994,0.030880421050573998,-0.6876121711492539,0.06139589596557024,0.6840894100785255,0.04554188323646584,0.5074724762499332,0.03409887970775351,0.496283980768919,0.0305780910134889
-0.6661118692696094,0.08725803930148186,0.6880167379140854,0.061857747285255664,0.49361339066624643,0.04399578157316699,0.4843772717475891,0.04374404559872331,-0.6531678340375423,0.0878299452743004,0.6881404624700547,0.06313941032626555,0.4872297306418419,0.04434371536223443,0.47762875671982763,0.044781831279582913,-0.6624042138576508,0.08697134398851242,0.6880595424115657,0.06161190332643412,0.49173506349921225,0.04362603222011713,0.48246846698522566,0.04396965528461349,-0.6672084491968155,0.08763559560236096,0.6876691054224968,0.06154294691350468,0.4945024773955345,0.04405615152914836,0.48492142786979675,0.04402913499322751,-0.6527331971645355,0.08758250158370509,0.6885682887613773,0.06323261252703129,0.4866267958700657,0.044538207491762884,0.4774179519176483,0.044513554393194,-0.6486630529880524,0.08665476923325825,0.6879567863762379,0.0624179817333998,0.48525214409232137,0.04448965969839624,0.475321735227108,0.04443380618075655,-0.6424983188569545,0.08365167388006889,0.6880593107163906,0.06029902125443081,0.4820877389550209,0.043238578481615976,0.47221137135624885,0.04309105126805575,-0.6668710723936557,0.08851608487074679,0.6887542836487294,0.06187436543875194,0.4932725908041,0.04403551114607249,0.4847059226214886,0.044583327224731954,-0.6656538204133511,0.08568904974291099,0.6869843187570572,0.061263723683342736,0.49440241125822065,0.043926137761349404,0.48419625333547595,0.04343297547009721,-0.6547417892038823,0.0844103515281035,0.6874951372385025,0.06025357365483829,0.48852344326972963,0.0432578234297011,0.4785980083942413,0.04307236253862351
-0.6901898104190827,0.07124407321827944,0.6886977704524994,0.04828774541195063,0.5041443138182163,0.034106556329503525,0.4972482168138027,0.035712705010108065,-0.678797228962183,0.0712973972253995,0.6897472781300544,0.049516524198248285,0.4974306454837322,0.034250918212079796,0.4914850097954273,0.0361903943095595,-0.6719919245481492,0.07083343459211158,0.6888709594368935,0.04996405308612443,0.4949202691614628,0.03404213201184474,0.4880314418077469,0.03611334226695364,-0.6795633781433106,0.07077093689436308,0.6886417793035507,0.04921705538931547,0.4988938117980957,0.03407467463025655,0.49189468994736674,0.03583930598917818,-0.6902452202618122,0.07322730263997912,0.6895328224778176,0.050139214980455746,0.5033966242730618,0.03498432781416716,0.49720337012410165,0.03675189880166231,-0.6885378748714924,0.07259798238758018,0.6892344143867493,0.050046892133276275,0.5028194451212883,0.03468482478846037,0.49636745127439497,0.0364921536793467,-0.6844606762528419,0.07182648320044453,0.6894972793877124,0.050389543739799945,0.50051274061203,0.03457264926035279,0.49433886830806734,0.03620684339910014,-0.675765830808878,0.06970721160930686,0.6897579898953438,0.04814262272617409,0.49588502724170685,0.03375839186390251,0.4899994922697544,0.03543246240808406,-0.6893252720117569,0.07077060644668952,0.6887602548360825,0.04963553364394601,0.5036538143932819,0.034154685126055316,0.4968290373027325,0.035558343474368,-0.6625413139879703,0.07240004425654023,0.6891464678049087,0.050864165404676996,0.49009926581978797,0.03512976822200743,0.4831127077996731,0.037256598725113735
-0.593920395553112,0.06483149459949793,0.7012881667613983,0.05290126869950903,0.44700674964785575,0.037238091128043084,0.44668507757186887,0.0356755670424318,-0.596498771840334,0.06626700743271972,0.7022379828095436,0.05276159453450148,0.4473021123468876,0.037158179302187094,0.44805780683755875,0.03639473123502059,-0.6022242778480053,0.06552869819222981,0.7014595916867257,0.05319451636418093,0.4505589236676693,0.03735318892141764,0.45123850077986716,0.035648669433852524,-0.5956719204545021,0.06721971058861292,0.7014660348773003,0.053707431832218065,0.44761184606552123,0.0370801877003865,0.4475673902690411,0.036905857893427166,-0.6072783522069454,0.06651319063560172,0.70118805539608,0.05313347396998529,0.4530822519540787,0.037448520367634935,0.45396853465437886,0.03605923917486951,-0.5958295016467571,0.06663219152436237,0.7017202985525132,0.05337742832222997,0.44749572243094443,0.03754470966626121,0.447675132983923,0.03661228504612923,-0.6093319270551205,0.0683974447986741,0.7000813094973564,0.053392670630868805,0.4550022506594658,0.03737005828489562,0.45501961745619773,0.03702074518663709,-0.5929065231502056,0.06481314661897893,0.7018980057835579,0.05229597024241994,0.44595445840358733,0.03651223986338198,0.4461261101305485,0.035629746231242244,-0.6027186433672905,0.06759776361826647,0.7012279071092605,0.05371365625623267,0.45103337090611456,0.037845259154607055,0.4514328086316586,0.03684252072964738,-0.6067210251450539,0.06721055076585178,0.7011359274744987,0.053376719263561544,0.4528810966968536,0.0374712568034896,0.45363648495674136,0.03656190478925403
-0.7216300517201424,0.07882595084285067,0.6916948675751686,0.055721462071103914,0.5174780130088329,0.039690496312491344,0.5125344988882542,0.03823736594493504,-0.7362428722500801,0.07754923540202001,0.6931798977613449,0.053964123349378314,0.5234278477787971,0.03868967513615931,0.5196562144637108,0.03697692320262165,-0.7294865123033524,0.07674058993266718,0.6906743894815445,0.053714381685169094,0.5225496666669845,0.039105254526380466,0.5164287848472595,0.036881823668113815,-0.7257168370485306,0.07748906407864725,0.6912774772047997,0.05376760157258884,0.5199761279463768,0.03916551287301338,0.5145740143179893,0.037403009527428414,-0.7126857770800591,0.07789832299733887,0.6921359563946724,0.05571706604180963,0.5124823004961013,0.040121486950067675,0.508192386251688,0.038061856840648355,-0.7231358058929443,0.07804244139159129,0.6915246444702149,0.054930463447223916,0.5184257791221142,0.03963210650289752,0.5132991394519806,0.0377517934436659,-0.7352081312298775,0.07640029115166704,0.6915520899295807,0.05336003879923852,0.5245672878861427,0.03846050226182381,0.5191962177932262,0.03665999336782964,-0.7231166388869286,0.0782108113601142,0.6917864960074425,0.05510078897747546,0.5181756331980228,0.04001052995349433,0.5132846281766892,0.03778521728373863,-0.7255685049176216,0.07677472105541777,0.6927342613935471,0.05398933176809687,0.5183847562193871,0.03902293129730946,0.5145286348938942,0.0370632183124199,-0.71462023396492,0.07795153943897032,0.6922027139663697,0.054961625381806586,0.5133784810423851,0.03988171428927833,0.5091437176465988,0.037900436660301136
-0.6562713287115097,0.07626119252025536,0.6884971720099449,0.05559329635817222,0.4879409662246704,0.03869509220265519,0.4797153824210167,0.03939021305218555,-0.6693478392601013,0.0765838884309839,0.6888785940051079,0.054852663155261744,0.4939232793390751,0.03834302031228239,0.4864616965353489,0.039065580523539395,-0.6717334198594094,0.07726053329253917,0.6882706014156341,0.0538862848391101,0.4956563756287098,0.037839325139469436,0.4876586873054504,0.0393252824502735,-0.6761534490644932,0.07976595996827472,0.687586744427681,0.0558292981957312,0.49864087185263634,0.03943159801595365,0.48981922516226767,0.0403998552554115,-0.6702449599146842,0.07657422380101563,0.6888373844742774,0.054148312744494984,0.49435605726242066,0.037709320942907576,0.4869235712170601,0.03898753551741039,-0.6396874410748482,0.07418593810950255,0.688002698814869,0.05474598362775918,0.4804081217348576,0.038251965087460066,0.47109516004920005,0.03904313983900067,-0.657978989982605,0.0750586238376889,0.6869933809518814,0.05417154940409584,0.4901475332915783,0.037532526487743474,0.480649168330431,0.03874419722048431,-0.6853163672208786,0.08098514811291023,0.6893013888776303,0.05593799604501582,0.501447431999445,0.038917328935756286,0.49442798411250116,0.040480343274550926,-0.6508674117863178,0.0756103332374689,0.6892290219306946,0.05499438820921532,0.4845327508866787,0.03747639823538261,0.47692122593522074,0.03930141266315169,-0.6658742579221726,0.0779949039965516,0.689224879103899,0.0560382028631697,0.49194743726849555,0.03917894144255998,0.48462054339051247,0.039867987173137956
-0.6764817693591118,0.0844080729522174,0.6806627326607704,0.06123158053749605,0.506057351654768,0.04345375800596042,0.48979668005108834,0.042628917818132515,-0.6904425934493542,0.08627972892892306,0.6820121167898178,0.06083765026549901,0.5117072006940842,0.043000136699910214,0.4967917630314827,0.042950048836490715,-0.6896672096014023,0.08326178091553611,0.6815922701597213,0.058381854396208126,0.5116517119765281,0.04188408667911167,0.4965286761581898,0.04148679850129341,-0.6896698501825332,0.09003470103865924,0.6813535442650318,0.06310403026312757,0.51204037758708,0.04367563267300332,0.49624411414265635,0.044654126490005934,-0.685501150494814,0.08486062497587055,0.6818571642398834,0.058985579631282016,0.5093185726583004,0.04252869332822093,0.49436187482476235,0.04237467180990281,-0.6917568548858166,0.08846501981372118,0.6809848086476326,0.06333302242652322,0.51352521058321,0.04416198146012155,0.4973574952840805,0.04399125831395841,-0.6819474457383156,0.08789076764098985,0.6810140257000923,0.06127250642041725,0.5084903393387794,0.0438186055451919,0.4924286912858486,0.04411015967522713,-0.6931333559691906,0.08573419031647332,0.6808329186558724,0.06033580134480141,0.5142689893484116,0.04285120361465911,0.4981663699924946,0.04259137781319705,-0.6879835227966309,0.08634528467735483,0.6814611586093903,0.06027141017985247,0.5110209740936756,0.04302248084187079,0.4955480324029922,0.04315280062283979,-0.6751045501232147,0.08639364014814824,0.6802369257628917,0.06143036821992719,0.5058305185735226,0.04387025248156798,0.4890082187771797,0.043698348332709684
-0.6926131003379822,0.07345968269832769,0.6919529018759727,0.05372548150241375,0.5024210379004479,0.038664493589794915,0.4983878395676613,0.03660850324240788,-0.6978152818500996,0.07331271590936445,0.6908208067059517,0.052686773492390794,0.5061098157763481,0.03796022367289413,0.5009990034759044,0.036234294674891296,-0.678590779799223,0.07053949573263708,0.6909195524573326,0.05121163162922289,0.49637583567500115,0.037255140230407886,0.49141422567367554,0.03552034328729413,-0.673178837442398,0.06989311911102454,0.6896392656087875,0.05160284574599841,0.4950071730732918,0.03769781870933337,0.4886752658367157,0.035470650497108056,-0.6750245707571506,0.06820980668126986,0.690536046564579,0.050142729810499116,0.49495732346773147,0.0367127116852688,0.4896768616139889,0.03455779614158518,-0.6824737306237221,0.07039171998434626,0.6914491390943527,0.052105981104962666,0.4978303566634655,0.03800976917135232,0.4933894345343113,0.035349181234700947,-0.6728886310756207,0.07249773970445714,0.6921687376260758,0.053523240708444796,0.4924326393008232,0.038374630170522304,0.4884316992044449,0.03684540954244437,-0.6938104714870453,0.07451797548909465,0.6916772775292397,0.05345155404348786,0.5032803931057453,0.03851642565151005,0.49895469361543654,0.03688366212574359,-0.6896144012272358,0.07184587533068425,0.6911431715250015,0.051735392167405164,0.5016173758387565,0.037133525740549796,0.4969410814642906,0.03587944932967459,-0.6836691664814949,0.07059145357675005,0.6918497732877731,0.05219158906684001,0.4979838157773018,0.03748515197458997,0.49398841181993486,0.03537462138437599
-0.6548269755303859,0.07056810490418479,0.68466572868824,0.04982542764503652,0.49073025941252707,0.035673935692227196,0.4791850415170193,0.036281837559644155,-0.6579078849136829,0.07077516479118436,0.6825494240045548,0.05090974541853317,0.4943139791727066,0.035669462976342686,0.48077706471085546,0.036389368789456755,-0.6419845166623592,0.06888633442696991,0.6821158383846283,0.05053112667582991,0.48694412561059,0.035341752140445784,0.4725107129275799,0.03603596142424839,-0.6474471689045429,0.07109694158730771,0.6833113785028457,0.05184893105332981,0.48850203835368156,0.036273401847061466,0.475307295614481,0.03685177565357329,-0.6431169571340084,0.0675269461436719,0.6844355976581573,0.049914090138785235,0.4852419675350189,0.03527502523575268,0.47315945481657984,0.035147034707934816,-0.6578889817714692,0.06887984017053889,0.6810898536682128,0.04981983942475484,0.4956963101863861,0.0350152896681131,0.4808376595556736,0.03531354997918347,-0.6441215724766255,0.06835458091731464,0.6840060328602791,0.050230804374337405,0.48615695726275443,0.035460218606585596,0.47365728340148927,0.035626858464956335,-0.6519496523499488,0.06922954700956292,0.6818082387685775,0.050120748749767935,0.49213236445188524,0.03589375755058013,0.4777320441186428,0.03572514427439765,-0.6544172567844391,0.0698065854413405,0.6826917924284935,0.05045575710969067,0.49247408306002616,0.03582862611070063,0.47899926509857177,0.035902556034833485,-0.6522438504576683,0.07099827363120366,0.6837965261816978,0.05108729223698769,0.49031073220968246,0.035547084555245106,0.4778201786160469,0.03668700256664464
-0.6828661045491695,0.07338175918620395,0.6872697748541832,0.053218054831231786,0.5022105534255504,0.03787822407567674,0.4934675724506378,0.03734795751380003,-0.6776176229953765,0.07957543325045106,0.688069314622879,0.05721717180227075,0.49895350491404533,0.03970307117684393,0.4905594664990902,0.040767506599395376,-0.6852194974780083,0.07935472555849285,0.6867451022505761,0.05671495893504851,0.5040313780665397,0.0394287515027797,0.494429673230648,0.04021772876457968,-0.6835320029497146,0.07836725516138834,0.6887563951611518,0.05647853392561062,0.5012007283389568,0.03958954029831517,0.49361123532652856,0.03994025296918354,-0.6806060627043248,0.0784161883688988,0.6888688575983047,0.05655701352381669,0.4996505708813667,0.03975894912106701,0.4921230601727962,0.04017346300750219,-0.6795965344846249,0.07845905333256072,0.6884597746372223,0.057008199674885636,0.49954422975182533,0.039643787066252587,0.4916084003865719,0.040233076853115696,-0.6703013252675534,0.07866956736381368,0.6883793111085892,0.05735140813189082,0.49505979916453363,0.03995516953792446,0.4868542531311512,0.04064529518317662,-0.679405890828371,0.07762138061642403,0.6892067789554596,0.056026004805191626,0.49867034126520154,0.039196150003614455,0.4915464432179928,0.039745905899581636,-0.68863845962286,0.07879183295005932,0.687983054637909,0.05660571652158089,0.5044872120082379,0.03917090200852723,0.49617576061487195,0.03987631594969069,-0.6744587257862091,0.08031479204621102,0.6880097682237625,0.05824703706856328,0.49756165430545807,0.04099611661485794,0.4889150394618511,0.04137273644572364
-0.7312414017915726,0.0809789906287313,0.6847238750576973,0.053798414722233685,0.5295430989384651,0.03676976017200478,0.5171067930281162,0.039191112413513036,-0.7311521030426026,0.0787588223883018,0.6846946166753769,0.05243538289032888,0.5294198392510414,0.03526997123434691,0.5171517935335637,0.03803390396380664,-0.7327404365122319,0.08206500657944005,0.6851030975103378,0.05422358089757632,0.5299477733671665,0.03699223746562921,0.5177886796236039,0.03962656714003216,-0.7200673346757889,0.08102073273795551,0.6838907409608365,0.05387747953856229,0.5245774066030979,0.037104532264338776,0.5116841798365116,0.03947895664980024,-0.7265401634335518,0.07905641028970992,0.6846676121592522,0.052483760701927375,0.5271068990945816,0.03645929530608647,0.5149075834035873,0.03838551355260418,-0.7305851790964604,0.07927998325020782,0.6832347692131996,0.0524920466034114,0.5307120326459408,0.03596994599533761,0.5168553127765656,0.03841329451977987,-0.729995358401537,0.08004029284933992,0.6843860043168067,0.05359509902627879,0.5292269195914269,0.036523935208200735,0.5165411520481109,0.03880163511588616,-0.7214180821418762,0.0798404355542379,0.6840699510574341,0.05333709142717332,0.5250703315079213,0.036728436268354536,0.5123857944250106,0.03898402699099136,-0.7266919696629047,0.08145313271326719,0.6831260846734047,0.05360230669843846,0.5288051914513111,0.03640069651925294,0.5148849290847778,0.03966500044534858,-0.7089451868593692,0.0773405545328902,0.6838189991772174,0.0529853190718686,0.518836455732584,0.03643709448847241,0.5063611004114151,0.03828987889298965
-0.7635217659592628,0.08575060097074223,0.6924444766521454,0.06000860946672779,0.538994507074356,0.04373272726704669,0.5322756567597389,0.0396512117683551,-0.7721776549339294,0.08318333869688382,0.6938811600804329,0.05725648993015542,0.5420145806610585,0.04267615097154878,0.5364081865429878,0.03807946863028664,-0.7533480127811432,0.08559550566117306,0.6926758870363235,0.059904916781286066,0.5333320917487144,0.043770441195692684,0.5275022379398346,0.03988998678859218,-0.7638889563560486,0.08337609165356495,0.6925439513683319,0.057965264235349916,0.5390000815212727,0.0426427337226645,0.5325397038280963,0.03857028510159491,-0.7504051865935326,0.08298911049193933,0.6921393425583839,0.057790799530153286,0.5322131792366505,0.04216226009920334,0.5262089979887009,0.03890992153320255,-0.7518158879756928,0.08412971071352084,0.6920353999495507,0.05894330428178473,0.533135066151619,0.042956042883203316,0.526831558483839,0.03941681177955905,-0.7759456492304802,0.08846650912475894,0.6949002890944481,0.060142075721514344,0.5430465950071812,0.04387069571978739,0.5379434399664402,0.04039537101509895,-0.7687906310796737,0.0858325966333474,0.6943739389419555,0.05952190159711501,0.5397400556564331,0.0435749016436936,0.534728068381548,0.03957636868454304,-0.7626387275099754,0.08267191644473189,0.6936770078897476,0.05680439867759457,0.5370407528400422,0.041676421263065415,0.5319836381912232,0.03823530959014894,-0.7779287785768509,0.08900571506981522,0.6940158342719078,0.05993412858677277,0.5450654678225517,0.043771477722082466,0.5388346940219403,0.0406377778652571
-0.7217289059340953,0.07406819971338663,0.6826660246014595,0.05002528983122916,0.5265571145176887,0.034284906221022954,0.5127373882055283,0.03681601966805047,-0.7253272484362125,0.07760058848238664,0.6818739958286285,0.05240720055512922,0.5293337904036045,0.035006466836846585,0.5143502612352371,0.03866722415739012,-0.7345038988769055,0.07805124686124375,0.6838333810329438,0.05263498664749268,0.532174331665039,0.03587278015612137,0.518770432716608,0.03850269408007161,-0.7203275580704213,0.07366761851565695,0.6822237334489822,0.049508348705634586,0.5262855785071849,0.03429154224097404,0.5120707128703594,0.03658504799702236,-0.7314426310420036,0.07667396025928495,0.6840926410675049,0.05188378327830094,0.5302868326306343,0.03592490148672053,0.5173480577111245,0.03789930882221865,-0.7263310407757759,0.07998128469713471,0.6820184203445911,0.05402633371098744,0.5297993272304535,0.03626879693205658,0.5147478200376033,0.039715682179265216,-0.7519330642342568,0.0795547199144369,0.6835520377278328,0.051777457632412816,0.541777342671156,0.03572008076712747,0.5270282853960991,0.03857343791687354,-0.727653686773777,0.0799057071845519,0.6822594825148582,0.053120317110864346,0.5302761561214924,0.036624099503857616,0.5153894742846489,0.039730342179494844,-0.7209488892912864,0.07762878945926296,0.6822346257328987,0.05231703347789228,0.5267156189322472,0.03579755070914976,0.5122176730573177,0.03888076603142472,-0.7425849669873714,0.07746824837453509,0.6836841845035553,0.0518445921335741,0.5366352210462093,0.035927868915865704,0.5226630071640015,0.03800517969735974
-0.725227831530571,0.06744299325344057,0.6897358874797821,0.04737173020306354,0.5209501106381417,0.03410822981978753,0.5146894224047661,0.03246407327620189,-0.7276137217998505,0.07001417542475288,0.6888570576786995,0.04838531870751047,0.5231391768753528,0.03462973609376408,0.5157632744371891,0.03355963710177375,-0.721596336221695,0.06957162252640679,0.6888658058285713,0.04824032815899816,0.5200214242279529,0.034872435843656915,0.512857787835598,0.033448560976292716,-0.7195639801025391,0.06862666612746844,0.6878092836141586,0.04673516896965538,0.5200095790624618,0.034059024684277746,0.5118979499340057,0.033075982217970555,-0.7282185647368431,0.06764867239907406,0.6884367648363113,0.04654414563822726,0.5238396978974342,0.03383508360595311,0.5161351139485836,0.03235615927063612,-0.7273344144821167,0.0680574204287254,0.6886852347493172,0.046515312590126354,0.5230944652974605,0.03342823124484664,0.5156942015588284,0.03256979239856553,-0.7399965685486793,0.07152254800308273,0.6900017652273178,0.049169656519834536,0.5284610715925694,0.0351914129376304,0.5216737136006355,0.03378390454105597,-0.7264960618972778,0.0712229166938792,0.6891028891921044,0.04813890140648115,0.5222933630049229,0.03450220916373735,0.5151820632219315,0.03412190711558984,-0.7358842091917992,0.06971190333584062,0.6898971423983574,0.04771731814298544,0.5263284069836139,0.03389927400181718,0.5197593082904816,0.033238704588901775,-0.7282106970667839,0.06923611435490915,0.6883939970374108,0.04749784385954709,0.5238988136172295,0.0340777306287765,0.5160761874735356,0.03325317392058248
-0.639158355075121,0.06541061723395179,0.6846719416260719,0.047714439792292826,0.48300259646773336,0.03373801038262448,0.4711420704424381,0.03422526722646446,-0.6284848972380161,0.06299971457453388,0.684981596148014,0.04635617284465072,0.47756364670991897,0.03307951581495428,0.4655487978041172,0.033340185457586644,-0.6336718720436096,0.06374434320641614,0.6835699175596237,0.04749245823885336,0.4814233199894428,0.03364608103906098,0.4682903396189213,0.03349330064181703,-0.6360442886829376,0.06469888526919058,0.6835316086888313,0.04763790325841384,0.4826078627467155,0.03378210356241522,0.46951743005514146,0.03394530986537917,-0.6312685140907764,0.06193317918350685,0.6849154491901398,0.04605585855181013,0.4789306156814098,0.03277681163282434,0.46706976326704025,0.032675596901264196,-0.6407414012014866,0.0654639456064824,0.6847973253369332,0.04888866726148424,0.4836844699800015,0.03428395925616924,0.4719772007763386,0.034192344946355084,-0.6159924548745155,0.06185097189033686,0.685433848452568,0.04737726363877486,0.4712961054205895,0.033870378945102274,0.4588660095214844,0.03327548131831949,-0.623251432967186,0.062314346880861876,0.684198243701458,0.04760453551009653,0.47583931556344033,0.03330025906114379,0.46276770288348196,0.03312763007720281,-0.6302051965117454,0.06512924600394313,0.6845990957379341,0.047956333500981975,0.47881242744922636,0.03400504872796533,0.46639445143938063,0.034449155150379204,-0.6280736600756646,0.06542362094973514,0.685029986166954,0.048390853315276365,0.477383903414011,0.033949989134520984,0.46524630339741707,0.034646269378407625
-0.6231284304916859,0.053500029731000306,0.6981360249519348,0.04208585225846371,0.46252652397155763,0.02992360603742873,0.4629700107932091,0.028625578618006832,-0.6221454884409905,0.052256018366118574,0.6964178308606148,0.04157554481985487,0.4636192770302296,0.029303267991354555,0.4624773947060108,0.027977485772083796,-0.6177204662024974,0.05341745427148839,0.6967782972574234,0.04192249944740401,0.46126814593076704,0.02963653406282483,0.4600603522002697,0.02873762537184437,-0.6100927085995674,0.05228879519297622,0.697342567062378,0.041623279791625646,0.45725679329037666,0.02947980389894811,0.455958630412817,0.02833344020083668,-0.6114737854361534,0.053558741117693306,0.6993371906757355,0.042466756692101544,0.45614085430502893,0.0305798418714303,0.4566737944841385,0.02894287896091977,-0.6157691015124321,0.051953635311066455,0.6971102166414261,0.041145911630763345,0.4600427618384361,0.029169450723128026,0.45904793837666513,0.027967456564062333,-0.6271059576570988,0.05304276747799795,0.6960452042937278,0.04156762391497196,0.4662636307299137,0.02931974758742848,0.46511467100381854,0.028281114463464353,-0.6280815725147724,0.05473155947497763,0.6966516244649887,0.04180247424985453,0.466189874458313,0.029935821925974663,0.4655904905796051,0.029008228395205865,-0.6303145468235016,0.05330405912424848,0.6964688320398331,0.04101473300452094,0.46736571360230444,0.029423480545680558,0.4668225693166256,0.028229544881679808,-0.6278290659248829,0.053060045941513735,0.6964052979826927,0.041379592512333,0.4662784517467022,0.02958127407101479,0.4655015556752682,0.028229793182821112
-0.7003771958231926,0.09893509074428847,0.6922464305222035,0.06942802388046755,0.5068751622736454,0.04895656380719057,0.5012119041740895,0.0480626254877755,-0.7049758911311627,0.0966776588688519,0.6912094405770302,0.06732297925134142,0.5101955710887909,0.048509567290968905,0.5036048633694649,0.046858643638936374,-0.7229098722279071,0.10183792066778766,0.6927040892243386,0.06908119825474468,0.5178570454716682,0.0490031814133947,0.5121830702900887,0.048482680917413645,-0.7150575812339782,0.09777906766955012,0.6942671908020973,0.06776700220644126,0.5121459945619107,0.04787555858208924,0.5085301920473576,0.04697611000239273,-0.7061331522047519,0.09857452086593733,0.6921730388641357,0.06837173044852182,0.5097732496500015,0.04811883610327164,0.504089469319582,0.04770970640848499,-0.7072004985749721,0.09982558829651741,0.6936845506906509,0.06892932956535029,0.5088590375900268,0.04896267819304594,0.5045584619164467,0.048256018236947654,-0.7088856168508529,0.10008013101929286,0.6922339412748814,0.06918866134542563,0.511203723847866,0.04925054331148579,0.5053807666063309,0.04828555282100482,-0.72116149366498,0.10171529958506266,0.6933589957356453,0.06960080599973521,0.5162882010996341,0.048978109204283256,0.5113402587771416,0.048375047697002196,-0.707738218665123,0.09809318550658232,0.6918455009698867,0.06780913557870413,0.5108982632279396,0.04788499186371444,0.504906379956007,0.047440114715905694,-0.7086648976802826,0.0987598231206063,0.693245967411995,0.06760971424524187,0.5100301400959492,0.04886113544232955,0.5053385722279549,0.047548524608270734
-0.6776550033509732,0.05738441834130238,0.6965190146803856,0.04150159597816601,0.4898904609441757,0.029361548332732468,0.4913592559695244,0.02907741540384614,-0.6704498632490635,0.05763325392300392,0.696482263636589,0.042075354574026884,0.4864466284096241,0.029760016357351555,0.4876752739787102,0.029353305799054694,-0.6637982187211513,0.057395634841169614,0.6959907605409622,0.041483241407573,0.4836703578293324,0.02914153633979756,0.4842623296201229,0.029466551417301208,-0.6739006088852882,0.05545772543222046,0.6966123374223709,0.04098955807720535,0.4879216166377068,0.028539092470122106,0.4895019704937935,0.02817706367997443,-0.6716937900543213,0.057479090883659864,0.6965158444046974,0.042355127663563565,0.4870218787252903,0.029823353750777007,0.4883158013045788,0.029283924462940338,-0.6548743467390538,0.0577865993146498,0.6958447536468506,0.04230196135578525,0.47958689574599267,0.03003920189438692,0.4796274724960327,0.02994381084077411,-0.6564902480006218,0.05681789376788765,0.6969588520646095,0.041471111173805586,0.47922061722278597,0.028894277247452377,0.4804977129399777,0.029325266217659223,-0.6752600127220154,0.057197838429171706,0.6955109616041183,0.04144838705749137,0.4897067166149616,0.029386704516891328,0.49014618017077444,0.028999470465801064,-0.6710317697405815,0.05560043208435315,0.6965068792700767,0.04070982403719017,0.48665678755640984,0.02896444025599487,0.48802949531674383,0.028426507411879586,-0.6688075834333896,0.05645956643078625,0.6960205313086509,0.041467482835438434,0.48607993039488795,0.02944431145407854,0.48686649030447005,0.02884797546462171
