lossg_mean,lossg_std,lossd_mean,lossd_std,dx_mean,dx_std,dgz_mean,dgz_std,fid_score,lossg_mean_0,lossg_std_0,lossd_mean_0,lossd_std_0,dx_mean_0,dx_std_0,dgz_mean_0,dgz_std_0,lossg_mean_1,lossg_std_1,lossd_mean_1,lossd_std_1,dx_mean_1,dx_std_1,dgz_mean_1,dgz_std_1,lossg_mean_2,lossg_std_2,lossd_mean_2,lossd_std_2,dx_mean_2,dx_std_2,dgz_mean_2,dgz_std_2,lossg_mean_3,lossg_std_3,lossd_mean_3,lossd_std_3,dx_mean_3,dx_std_3,dgz_mean_3,dgz_std_3,lossg_mean_4,lossg_std_4,lossd_mean_4,lossd_std_4,dx_mean_4,dx_std_4,dgz_mean_4,dgz_std_4,lossg_mean_5,lossg_std_5,lossd_mean_5,lossd_std_5,dx_mean_5,dx_std_5,dgz_mean_5,dgz_std_5,lossg_mean_6,lossg_std_6,lossd_mean_6,lossd_std_6,dx_mean_6,dx_std_6,dgz_mean_6,dgz_std_6,lossg_mean_7,lossg_std_7,lossd_mean_7,lossd_std_7,dx_mean_7,dx_std_7,dgz_mean_7,dgz_std_7,lossg_mean_8,lossg_std_8,lossd_mean_8,lossd_std_8,dx_mean_8,dx_std_8,dgz_mean_8,dgz_std_8,lossg_mean_9,lossg_std_9,lossd_mean_9,lossd_std_9,dx_mean_9,dx_std_9,dgz_mean_9,dgz_std_9
1.0501296224355698,0.0006509470759376943,0.13824895450621844,0.019471531979957393,0.4760098387122154,0.036319835491192214,-0.024758278518542648,0.0003175913950488089,328.4542697468374,1.0453772407054902,0.0009565448997696759,0.14009641160964967,0.019916908503742985,0.472437213987112,0.036968934770330954,-0.022436805083602667,0.0004677421843876161,1.0555665058612824,0.0004126257856692714,0.14016600925028325,0.020092531357995484,0.47255276961922643,0.0371512995734133,-0.02740764254704118,0.00020079793895687,1.04752591381073,0.0008167022048874986,0.13433923728466035,0.01917467079591665,0.4834638913989067,0.03629216536890775,-0.023487057653069496,0.0003989425953462858,1.0473720490932465,0.00033007103875007414,0.13608102256953716,0.01995284076994862,0.4801892693281174,0.0375593479125359,-0.02341195340231061,0.00016125060448743257,1.0327581847906113,0.000954112498810078,0.1318469303354621,0.01808924559678926,0.4879080084323883,0.03451764259159511,-0.016247000013291837,0.0004693848676892518,1.0444864214897156,0.00024904126636873824,0.13774482581913472,0.01875061341611711,0.47676665989756584,0.035106349160072485,-0.02200117644518614,0.00012183405166062615,1.083850225186348,0.0008456069437416986,0.14861258195638657,0.0225340243174302,0.4578954467713833,0.040742917365958385,-0.04108119782656431,0.00040609548269272757,1.0307030080080033,0.0006840039128563728,0.13421991985440254,0.018537198784267173,0.48330048838853834,0.0350603113753075,-0.0152353883638978,0.0003368428371233496,1.065052676796913,0.0007302963787620808,0.14405606391578912,0.019908507858215234,0.4654317778289318,0.036385893017630656,-0.03201383260078728,0.000353799336341201,1.048946847128868,0.00055410279447285,0.1361191543146968,0.019797062240605838,0.48013345084786413,0.037313320770876325,-0.024181026550382376,0.00027049236522540406
1.0024214973926544,3.1273246561919404e-06,0.125843862695992,0.00032528950302766345,0.4983169812142849,0.0006468653603779204,-0.001210032998700626,1.5619427994460191e-06,361.6470400577525,0.9996961324691772,3.242025763890194e-06,0.12476853584796191,0.0004371846479038303,0.5004639363944531,0.0008736594931058969,0.00015193356424570085,1.6213715717523596e-06,1.003672322511673,3.8411329447215e-06,0.12477731202542781,0.0003693285615201232,0.5004494899749756,0.0007377013460536681,-0.0018344917804002762,1.91690848466323e-06,1.003121191573143,3.4506766497374537e-06,0.12772366490364076,0.00039518345699231033,0.49458503612875937,0.000781179712204712,-0.001559402024745941,1.7158474652113329e-06,1.0005530699729919,2.7742525505561604e-06,0.12456144567430019,0.00037542854532610884,0.5008785192728042,0.0007504239406450762,-0.0002764753267168999,1.3867541350039541e-06,1.0067403570890427,4.081005777033416e-06,0.1259610736951232,0.0004365043385051018,0.49809356669187543,0.0008682754982184878,-0.003364515909552574,2.0380851466038084e-06,1.0010400245428086,3.780502099406871e-06,0.12440812754929066,0.00041621435677665557,0.5011861139953137,0.0008328660618462273,-0.0005198936879634858,1.8897231074841045e-06,1.0013333223819734,2.8564399693302314e-06,0.12601183431893587,0.00036255461663081695,0.4979813731372356,0.0007207871946427851,-0.0006664224565029144,1.4280527351221859e-06,1.0045297654390335,3.7014094956509953e-06,0.12675750678479672,0.00036354646721981635,0.49650286304950714,0.0007212393957270423,-0.002262318827211857,1.8501114008095485e-06,1.0008290292263031,2.402253352445418e-06,0.12621433314830066,0.0003891269408162471,0.4975779767036438,0.0007735698186594219,-0.00041445478945970537,1.1998526221268754e-06,1.002711116194725,2.7245588098528704e-06,0.12728612117171287,0.0003852066597730661,0.4954508745968342,0.0007625824281771003,-0.0013546631775796414,1.3578289839000817e-06
0.9985015988111496,1.6857053446115053e-09,0.1244135415405035,0.00040430868763582684,0.501175512778759,0.0008046955830579198,0.0007494733068626374,3.696621847839955e-09,333.9428787190054,0.9951840639352798,1.6857053446115053e-09,0.12262524404525757,0.0005109902302994737,0.5047792185902595,0.0010268136424314092,0.002410886824131012,6.686023335430935e-09,1.0081532738208772,9.38409591090027e-08,0.12472740776836871,0.0004688368192544391,0.5005629267156124,0.0009347121156372213,-0.004068315935134887,5.855291032074953e-09,0.9939886331319809,1.6857053446115053e-09,0.12418461406081915,0.0004903698144819442,0.5016434930980206,0.000979867480711531,0.003010220278799534,6.323837751375303e-09,0.9999238252401352,1.6857053446115053e-09,0.12670513324290514,0.00043202386979722445,0.4966020087480545,0.0008535365241783961,3.808168768882752e-05,6.688722121070932e-09,0.9915243807315827,4.228389629331191e-08,0.12447356477975845,0.00040950586065520466,0.5010727189302444,0.0008167568697851862,0.004246854557096958,6.418613391267159e-09,0.9906785694122314,4.506996612743046e-08,0.12447254996746779,0.0005703981647972393,0.5010791922330856,0.0011398708726384642,0.00467161521166563,5.949427212887249e-09,1.0000627040863037,0.0,0.1254515601709485,0.00046220791716935486,0.49909853146076205,0.0009163114333456254,-3.1332552433013916e-05,6.371636162405464e-09,1.0061577546596527,1.6816539740164143e-08,0.12555085951834918,0.0004413311892152948,0.49890968368053434,0.000875576446706182,-0.0030741306632757186,4.062976963775785e-09,1.001391459751129,9.628479339194226e-08,0.12522144635170698,0.0005457957657424529,0.49955895653367044,0.0010852562473593007,-0.0006955189481377601,7.99288271705953e-09,0.9980281965017319,5.5298263719516926e-08,0.12081283178031445,0.0006256490892637538,0.5084482827544212,0.0012664762539942739,0.0009863719075918198,7.728543816485618e-09
1.0009982585906982,0.0,0.12710334633886813,0.0005032696923873622,0.4958120665192604,0.0009939118510415331,-0.0004990471995086409,5.0940668294027625e-09,367.2471276058768,1.0023765563964844,0.0,0.12684076877236367,0.0004961432489743277,0.4963342621922493,0.000980150007496748,-0.0011875419020652771,9.47198262707383e-09,1.0050675868988037,0.0,0.12650767662227153,0.0006656022072431416,0.497001782310009,0.001318588665575077,-0.0025305609449744223,7.682526430927411e-09,1.0031412839889526,0.0,0.1307087917625904,0.0009201549172500461,0.4887154635429382,0.0017980837362077838,-0.001569385801255703,6.742295622218994e-09,1.0015443563461304,0.0,0.12902771143019198,0.000621837340871172,0.4920104973077774,0.0012213850654249415,-0.0007718757584691048,5.223955019952006e-09,1.0001332758426666,1.0114232067669032e-08,0.1272370626986027,0.0005088265198596164,0.495546718108654,0.0010058791944780423,-6.66458711028099e-05,8.681461910594964e-09,0.9989092946290969,1.6857053446115053e-09,0.12631041554510594,0.0005212996708612233,0.4973873601078987,0.001033488096585875,0.000545477794110775,3.663564653292254e-09,0.9989794492721558,0.0,0.12394979759603739,0.000692369964633197,0.5021070178925992,0.0013856875074070006,0.0005104052349925041,6.907130250910359e-09,0.9995573842763901,5.9014252671111545e-08,0.1252382144793868,0.00047231088729283364,0.49952473188638685,0.0009375371140340883,0.000221332548558712,9.969858952791672e-09,1.001741063642502,1.186069434136805e-07,0.12958688479959965,0.0006230446458178944,0.4909110764503479,0.0012214603365198196,-0.0008701650768518448,1.3210162710673806e-08,0.9985435605049133,0.0,0.125710875877738,0.00048039733987744935,0.49858170179128647,0.0009515255726267243,0.0007284881830215454,5.771053325907018e-09
1.0065038295030593,0.04635686661822226,0.13379838445484638,0.026916700682416833,0.4856604594528675,0.04964246697479514,-0.002959471931903772,0.024035649965782474,280.7986320463184,1.0104743025481702,0.04920790827594291,0.1347572232246399,0.02684980306809771,0.48386508582234383,0.04933767607267881,-0.004894656214863062,0.02571055493766132,0.9941679717957973,0.04837375883004688,0.1286402518942952,0.026452646983275346,0.49586056216359137,0.04959496001725661,0.0032481494702398775,0.025567919079317793,1.0092826427817345,0.04778242715548592,0.13502329377233982,0.026322116716292716,0.4831997670412064,0.048379038445133984,-0.00432953335121274,0.02459328394915216,1.006690695786476,0.047850058033090406,0.13455294407457113,0.027499559452583894,0.48432545959353446,0.05061094112899987,-0.003033253902196884,0.024798951409096034,1.032116793590784,0.052479025839151,0.1382964377015829,0.026818415918453416,0.47726306886971,0.048505741143259486,-0.015565314626693725,0.027274343797548773,1.0165257170438766,0.0458418230575732,0.13754959156364202,0.02740278927341373,0.47847020848989485,0.049949318845827616,-0.00795739492624998,0.023400974600721446,1.0021943078577518,0.04501591177695538,0.13444536063820123,0.02788961615743797,0.4845545300781727,0.05166170707069147,-0.0008282755188643932,0.02317479230189609,1.0055830749809742,0.04785212023468521,0.1353133393406868,0.027397190501514828,0.4828183527082205,0.050251239522110115,-0.0024792208068072797,0.02486943631973753,0.9838266061961651,0.04701714578660092,0.12740276900082825,0.025654313051020686,0.49821089949011804,0.04830808178994611,0.008426479770243168,0.024668999871652636,1.0055805251836776,0.04640494488151698,0.13281043180674315,0.027297020969334406,0.48766510915160177,0.050607756700067376,-0.002503923961520195,0.023799301210281898
0.9421193035006523,0.11404172668759464,0.2193764134198427,0.06659911567113203,0.34845737152975054,0.09886686867155799,0.031175215192081804,0.059144944324499196,108.21181839399404,0.9763014156222344,0.12354446570252296,0.22380419216305017,0.06963365278258843,0.3419598078161478,0.10219359642222436,0.013923271086812019,0.0628816545595182,0.9520490911126137,0.12026516348048666,0.22370828794389963,0.06808192522031428,0.34208411336243155,0.10022845229097943,0.026234216456115247,0.061881231807335554,0.9650897774219513,0.1130593743910913,0.22446731746196746,0.06811285703459369,0.3402932691693306,0.10004447871776942,0.01931149419248104,0.05779127597627989,0.9463465581774712,0.11610492475857237,0.21929036440700292,0.06701435923741253,0.3486622971996665,0.0995057364864132,0.029045985881239175,0.059957159100334806,0.9460024246335029,0.11588293868054403,0.21509077079445124,0.06787211141195244,0.3554993112102151,0.10170365162357767,0.02922717111557722,0.06002118914669803,0.9146834019899368,0.10869991859291955,0.21881554117053748,0.06360538417326685,0.3493627728849649,0.09466929783850477,0.04532830259874463,0.05731797569276214,0.900538990867138,0.10891358279255053,0.21361574716418982,0.06321970976017437,0.35810528111085294,0.09528720203402641,0.052792010638862845,0.05775826956473097,0.9272507827401161,0.11376490880350212,0.219986214402318,0.0651928830487792,0.3476660805091262,0.09684312287581091,0.03890175520181656,0.0595058523199271,0.9389021598935128,0.11893719271192044,0.2130788299679756,0.06710749949175607,0.3588660505771637,0.10099796038551358,0.033001085694134236,0.06176779533083844,0.9416146880030632,0.11397394018973367,0.22352883522361516,0.06660725288553782,0.34201408195346594,0.09811429505508738,0.03143554937765002,0.05914045162754425
0.6075727741956711,0.11556654130712271,0.21059706357568503,0.06251208721585924,0.4032486686764285,0.0959009744483716,0.22415587094544898,0.07509298791110744,44.44411755790779,0.6008396092414856,0.11782449665631874,0.2056677426174283,0.06404991583963487,0.4142193790614605,0.09975630210239013,0.2287028102606535,0.0770730552347303,0.5970273656308651,0.11144086780370654,0.20744494292885066,0.061260736221177094,0.4107424726292491,0.0954213225731298,0.23076643106341363,0.07284970207151631,0.6037056100249291,0.1162892673101495,0.2065660598769784,0.06279718730548171,0.41141433054506776,0.0974508001391418,0.2267483785659075,0.07607588901876641,0.6335575012981892,0.12315618843964043,0.2140216719865799,0.06467423546511634,0.3925589010760188,0.09845599765540906,0.20790378705114126,0.07836508921945336,0.6217095622956753,0.12419894482165088,0.20941707655489444,0.06475020259082157,0.4032863067343831,0.09996491940238045,0.21553218813538552,0.07949726279550096,0.6088485041618347,0.10838988739118281,0.21494794617295265,0.059924201208891824,0.39427690365463497,0.09162694586659059,0.2228757117316127,0.070187908882698,0.6078001145482064,0.10941837223710635,0.21400841916054486,0.06051973811736187,0.3963772818118334,0.0926296361504366,0.22363804417252542,0.07114934911668656,0.5776052939951419,0.10975557999458393,0.20602374208718538,0.05963675754704468,0.4179750228151679,0.09327594281180644,0.24349435903951525,0.07283205606517858,0.6238655979514122,0.11801356014791758,0.21028786471039057,0.06466749678482786,0.4004999348968267,0.09875967578095671,0.21377816437482833,0.07563612404502312,0.6211859550654888,0.11677711407296296,0.21575700338035822,0.061393851294512185,0.3911112255193293,0.09339961373920172,0.21542951087579132,0.07506732558025542
0.6214076338708401,0.11355177050019338,0.21630596407949926,0.06239320095536563,0.39033185754567384,0.097455234253975,0.2150054202991072,0.07205270094158645,38.863774855268844,0.6015445055007934,0.11720899550459145,0.20818339533358812,0.061823981047381425,0.4092275839045644,0.09832292903733117,0.22807141971588135,0.07530453036043157,0.6131957064628601,0.11475946206768985,0.21523068336546422,0.06144095564586857,0.3940161141008139,0.09658027910632973,0.22036072058230638,0.0732004036877891,0.621385511648655,0.11952253985153197,0.21233055332824588,0.06371480950708718,0.39796550737917424,0.10035666468764552,0.21537930199801922,0.07586746425827323,0.6324900134444237,0.11685223156698267,0.21619479765444993,0.06492622944592026,0.3888466232135892,0.10097739262101418,0.2080973516717553,0.07334988628240599,0.6246738717556,0.1193288441981155,0.21293949444890023,0.06352687848298572,0.39599670733362435,0.09957218374211371,0.2132352594166994,0.0753333756905929,0.6246569361150265,0.1094596724149131,0.2236622770085931,0.061600217479807706,0.37681549087017774,0.09455498231792474,0.2126840216189623,0.06921331727081975,0.6340133430242538,0.11308822065668123,0.224468790730834,0.06306207162408634,0.3740246416643262,0.09621241520093846,0.20691113091856242,0.07087586028525986,0.6111930343568325,0.11025146921856209,0.21695184657871724,0.060994248169774765,0.39101199031174183,0.09504307862954496,0.22140554048269986,0.07059531931386061,0.6177525552868843,0.11448029020485825,0.21205325944572687,0.06264221189957625,0.3985864317178726,0.09914961773463125,0.21741251917034388,0.07286555809402048,0.6426115034759045,0.11509066404714663,0.22188044577986002,0.06317442005130383,0.3765793729543686,0.09667280715281297,0.20157523997202514,0.07161985792064345
0.6556296327710152,0.12759621309365746,0.258104539963603,0.07018689812632471,0.32042043425008887,0.09959741205532321,0.19441389613342472,0.08162650385268999,27.54897128567916,0.6681517098784446,0.13322551068161168,0.2596892351731658,0.07259731045745835,0.3167142630979419,0.10221559128879161,0.18694966857433318,0.08426663946975936,0.6493416736543178,0.12303953229640113,0.25481967676132916,0.07000060308756502,0.32599226196706294,0.0998383754774277,0.19802177277058364,0.07856588889151811,0.6582113244235516,0.13247691732606576,0.25667864279299973,0.07108027556605018,0.3227777263909578,0.10141725889336893,0.19311524507850408,0.08454772203128744,0.6453736130744219,0.13103274413806482,0.25273837794363496,0.0709332320273432,0.33094971866607664,0.10159151822152153,0.20107701231390238,0.08423581896770256,0.6561978202700615,0.13005624655782455,0.25565796522945167,0.07199297773147362,0.32455178603976964,0.10249995832579699,0.1941907891973853,0.08288144746255542,0.6693121043294669,0.12580254871731705,0.2655416943922639,0.07013817159014885,0.30672521971017125,0.09809847299076854,0.18575902637690306,0.07952195938587218,0.6443918154954911,0.12109791538877686,0.25709500115811823,0.0668468294560584,0.322746599316597,0.09512781878827008,0.20103835741579532,0.0777953012754567,0.6383210683524608,0.12201461508251948,0.2556460296705365,0.06902360945781011,0.326645200651139,0.09840484079526447,0.2049403970323503,0.07874831106014132,0.6566020669966937,0.1301280470722648,0.25674209646880625,0.07169119463333248,0.3228069137081504,0.101902268250856,0.1939537871107459,0.08301548863857364,0.6776992598891258,0.12793790149482007,0.26776873665153983,0.07042060798498745,0.3022607948556542,0.0980598570208931,0.18069123855754732,0.08020233881728882
0.6592183673679829,0.13165839009851615,0.2579932959347963,0.06249917692154017,0.31805002620480954,0.08664110992676431,0.19210263224426163,0.08074967158139998,25.728205486616986,0.6395604753255845,0.13264778741515104,0.25363297715336086,0.06415316997683251,0.3287784563615918,0.08986345553234654,0.20454584018439054,0.08254182118072229,0.6300635389626026,0.12447159895865849,0.2509897342175245,0.06060563188915389,0.33334266433566806,0.08571550403869455,0.21006839022487403,0.07792041139850742,0.6473977595984935,0.13644880437680393,0.25316904621869324,0.06451709677475262,0.32840487634688614,0.09094584329880936,0.19981458988040685,0.08426782162245049,0.6812748663067818,0.14158662789020124,0.2631368912696838,0.06676337916544922,0.3082055404856801,0.09162105741666116,0.17901245983392,0.08517233583866468,0.669236755412817,0.13226257202027744,0.2615780690431595,0.06372532055438063,0.3112797036409378,0.08827084101328281,0.185896000225842,0.08044519452852972,0.641201206445694,0.1205705173976337,0.2567316432416439,0.059659423242110654,0.3220028501600027,0.08354243928210704,0.2028013027474284,0.07533553225630041,0.6385549010932445,0.11998482410291451,0.257235017336905,0.05813362103271053,0.3213756679341197,0.08109473710023408,0.20440389996618033,0.0747110733283562,0.6474633284449577,0.12596140313118723,0.2586119943827391,0.061106376519289345,0.31868178167790173,0.08560974045207716,0.1991185600221157,0.07779617663679382,0.6876891156733036,0.14176115149482266,0.26583166512399914,0.06558795579144094,0.3030821410030127,0.08970392204998874,0.17511646059900524,0.08518370324190633,0.6656625728011132,0.12634174273949392,0.2655180602252483,0.061659132062754765,0.30529246753305195,0.08478928222865809,0.1877828824788332,0.07723942221894264
0.7443294493734837,0.11541214337009668,0.27439045946002005,0.06139885201199879,0.28056001094579697,0.0839066848304132,0.13990837266920716,0.06761745936168792,22.009909560564438,0.7475257469773292,0.11735312638727095,0.2758211450561881,0.061986906307871154,0.2784650568768382,0.08502390295000534,0.1381374033331871,0.06869213189892583,0.7394909649968148,0.11050405383554955,0.27400175292044876,0.06073664174182997,0.28130772739350796,0.08339472171852112,0.14251963760405778,0.06494917335472954,0.7375150069892407,0.11835178349948516,0.26791531492769716,0.062410159268087496,0.29102539358735086,0.08692081348941155,0.1440577002853155,0.06984116889597504,0.7696874893784523,0.122653853220883,0.2781644096300006,0.06502195122665193,0.27352563329041,0.08826150354297506,0.12554311243295668,0.07080001513824662,0.7226528521060943,0.11638356611735277,0.26751537481695414,0.061794999058531724,0.29315882947146893,0.08559173860416419,0.15271375544071197,0.06898457856640013,0.7512037564754486,0.11512435843885648,0.28131934499293565,0.06097644022429288,0.269973877838254,0.0819945459244361,0.13588684570342302,0.06717301598228463,0.7184274430692196,0.11204874240679534,0.27253470330685375,0.058633221569040994,0.28582890933156013,0.08054360538382394,0.1550571726873517,0.06707503779611516,0.7423665566563606,0.12050559349782168,0.2739370054677129,0.06148152246687859,0.2817832313485444,0.0838996921278106,0.1413164814390242,0.0709166804156069,0.7581317346453667,0.12364259704351248,0.2757125779211521,0.0640617936056519,0.2781034136503935,0.08724065412284163,0.13227390311211348,0.07199414888357704,0.7487221607565879,0.11186553570374792,0.279576179908216,0.060239511617510684,0.2723667869776487,0.08140149583032817,0.13717694949507714,0.06525754403626921
0.6230736026585102,0.12368001621116181,0.2576425996795297,0.05707540295246941,0.32410948022417724,0.07977070089043271,0.2145100334352581,0.07796932052992259,22.339661047832863,0.6299776087403297,0.13251039271709936,0.2620282160609961,0.058774735337442215,0.31720260395109656,0.08146300035506981,0.21061515501886607,0.0827597564061535,0.6116088369488716,0.12403012033260519,0.25414849062711,0.05637593994468871,0.33182942724525927,0.07982582366403385,0.22193203184753657,0.07886111632709171,0.6398571433484554,0.1344360314071549,0.2603826740577817,0.061169863654750765,0.31822478715628383,0.0847711677998015,0.20445230736881495,0.08343266724462559,0.6172376403450965,0.12961640178291664,0.2545523613125086,0.05919728522824124,0.3309045452520251,0.08327202804977515,0.21862206289619207,0.08176893441788993,0.5945996808469296,0.12477743395340868,0.25034904746711256,0.05738359288720672,0.34179877547025683,0.08167958232173288,0.23309900535941125,0.08038995820348026,0.6183854302108288,0.1228465577033886,0.25891688057780265,0.05544071825554422,0.32286861423701047,0.07739583629779746,0.21747565205991268,0.0777243457521106,0.6283385614514351,0.1182011976651498,0.26309513718783856,0.05475890117168725,0.31398274942040444,0.07510096862632502,0.2107959461301565,0.07413178983343746,0.6206008683800698,0.12801818519174188,0.2586653427943587,0.05820710128908579,0.32362671326994896,0.08063428871858419,0.21637355354651808,0.08081126425255257,0.6304357978999615,0.13116312512093747,0.2586007796540856,0.059272074851800416,0.3221570075497031,0.08228640769852011,0.21026179219931365,0.08215450780659955,0.6242971379697323,0.12502161855512448,0.26119565246403215,0.056182705565969424,0.3184687401667237,0.07749812197402067,0.21380167467445135,0.07867230826705791
0.6522439687639475,0.13454965757210377,0.25700738589167593,0.06547830166170478,0.3221647150082514,0.09331734663662215,0.19680047591036418,0.08435131942123293,23.014890733104096,0.6280379418581724,0.13230032444499348,0.24970740436166525,0.06378397445236006,0.3375762589767575,0.09304752949093843,0.21195690446197987,0.08382135503290009,0.6523398579478263,0.14348018959733513,0.2575405193477869,0.06839498888691135,0.3227797926530242,0.09750138049532,0.1973037249058485,0.08954635804460244,0.6830335104346276,0.14554132765035638,0.2623794909968972,0.06910358231796303,0.3104880055323243,0.09817717922395058,0.1783299592986703,0.08883611806304209,0.655378120431304,0.14101990996225275,0.2551515222966671,0.06834872792344578,0.3256338794261217,0.09801916456883096,0.1952737510636449,0.08828241837317002,0.650368844678998,0.13711977706068537,0.25599686150848866,0.06611847576383623,0.3244840741753578,0.09448547085658135,0.19818780078589915,0.08640626669358314,0.6504438270360231,0.1296930501179434,0.26077062573581933,0.062146325907857555,0.3158335651278496,0.08823512102471838,0.1976141380369663,0.08136802850563976,0.6537697303444147,0.12778480623400654,0.26237346513569354,0.06200854347912676,0.3126324677884579,0.08767708537729804,0.19540790064781904,0.08000803330028385,0.6462453714191914,0.13856449081222005,0.2571253764986992,0.06755712189580731,0.32395138379186394,0.09565522835924546,0.20090686531960963,0.0877241770529789,0.6552607215702534,0.14117641802264808,0.2568502049818635,0.06688407851466917,0.32290963857024907,0.09613793776227995,0.195372917021811,0.08852103777552064,0.6381774310439825,0.1338590062548015,0.25644593609273436,0.06356944792412371,0.32527631486803293,0.09037809882604093,0.205647094976902,0.08474014802586707
0.654126965111494,0.10937212076544325,0.2787275380924344,0.0627292132091499,0.2874415524484124,0.08673234097747552,0.19403262760807993,0.06740970270038538,20.199255472346238,0.6776913769423961,0.11727633554526969,0.2869052863538265,0.06570905195055673,0.27302067875117064,0.08885184458594787,0.17986280729472637,0.07117838382889294,0.6632358442604542,0.11233774657880333,0.28195470445007087,0.06386384966377219,0.28165074107050897,0.08730568218815479,0.1885128124564886,0.06873419568990972,0.6634812353134155,0.11729102935025314,0.27828476469516755,0.06578218632345187,0.2875771028727293,0.09104839076851196,0.18862604734748603,0.07178820131718971,0.6437825556993485,0.11881223918769525,0.2703015060305595,0.06585627364467803,0.30273812448084353,0.09253032213290933,0.201042237021029,0.0738176738537393,0.6535892737269402,0.11247591022429407,0.27881984385997055,0.06327186091533123,0.2877475770801306,0.08735919339535828,0.19455763808488846,0.06965537919981785,0.6654981923341751,0.10924839045773484,0.2841305400878191,0.06072247837856696,0.27751975459605455,0.08285342088599337,0.18696024444699288,0.06681730244105322,0.6423549395501613,0.10404931660780059,0.2777620955020189,0.05993117015362218,0.29008642534464596,0.08276540004972263,0.20117092897444963,0.065015799716296,0.638071957206726,0.10790251829104953,0.2740589148297906,0.06349387979575326,0.2970622378960252,0.08819761025209694,0.20407277851104735,0.06761518096315491,0.6539937166512012,0.11142302102324592,0.27862686541676523,0.06412681790370904,0.2880220398634672,0.08873533223295431,0.19423672147393226,0.06884224836911261,0.6497938090443611,0.10770787489131169,0.2779931618452072,0.061463205740594856,0.288841059923172,0.08439025151994212,0.19666187946796418,0.06664590526305675
0.6013244354188442,0.10607428229607986,0.24650919512063266,0.05436118273562467,0.3440093633799814,0.07896461458748853,0.2275670896558091,0.06835386950120963,21.77667417396782,0.5874270862638951,0.10670939275740521,0.24293023137152195,0.05490251201633014,0.3530843739569187,0.08039685734038002,0.2367349478200078,0.0696673795445474,0.6143749817967414,0.10719024505568854,0.2503598677381873,0.05449434665848662,0.33521145683825015,0.07825932873804975,0.21913821388483049,0.06804300608380011,0.5982713565468788,0.11441341502006357,0.24294167888015508,0.05650101757531709,0.35146681840121746,0.08307478357717245,0.23005764736682177,0.07389270536859986,0.5991079959511757,0.11325286801214621,0.24113967901319266,0.057492883967544886,0.3541117431819439,0.08434773015581715,0.22944259163439273,0.07313873985086541,0.5890539326250553,0.10828699492487806,0.23966313547343016,0.05607542084748867,0.358053863710165,0.0814910435237399,0.2357683538109064,0.07073840933809912,0.6117524505078793,0.10393940659517634,0.25368492483645677,0.05244476437486021,0.33015502864867446,0.07483809717580661,0.22066218396276235,0.06621950701997563,0.5851518219351769,0.1011991605110042,0.2451996506676078,0.05253508085701478,0.3491254245966673,0.07635578844203231,0.2378897798910737,0.0658774144631307,0.6050250130176544,0.10934066620730254,0.2479971754744649,0.055814309955248276,0.34142875635027886,0.0811999301032844,0.2253299145117402,0.07008045060561897,0.5948217406332493,0.1095155430341831,0.2450959933936596,0.05568958689225054,0.34821349931508305,0.08088181736708498,0.23200136747211217,0.07070955342468632,0.636809510922432,0.11184069290541268,0.25822081115990875,0.055247466000964786,0.31919319743514063,0.07732918907869608,0.20507720342874527,0.07005181201330932
0.6502474317550659,0.12742578789662154,0.29257681051194667,0.0658909190298523,0.2705745973994955,0.08784112587120799,0.1975632846124936,0.07964948812421194,21.15974215564421,0.6571885339796543,0.12984459201108675,0.29408105342239144,0.06602633466658689,0.26754912753850224,0.08843977898296351,0.19333384818285704,0.08048762090110814,0.6509914558470249,0.12346875722378671,0.29219627438485624,0.06484335404195062,0.27048978431522847,0.08674127118253973,0.19684594325125218,0.07703908562752716,0.6648252696037292,0.1338740340241094,0.29636208297163247,0.06847266932466127,0.26383214305490255,0.09098401810773753,0.18883884571045637,0.08272153000943333,0.6642498517870903,0.13732541020734748,0.2936629676148295,0.06958360674618991,0.26816717684715985,0.0925719150925485,0.1894636206254363,0.08532660329163069,0.6496188498526811,0.12973910930801544,0.2923437494724989,0.06586449818526888,0.27123103873729704,0.08833676507908782,0.19808053390085698,0.08089512378041668,0.6227534492969513,0.1176498592970846,0.28464175722151996,0.061041367370504244,0.28524103965461256,0.08295137989420402,0.21438437940180302,0.07457577871965808,0.6437141725361347,0.12362128632985642,0.29037769560664894,0.0638376874295894,0.27415907765626907,0.08505464944337457,0.20148094046711923,0.0779838869504275,0.6457114681124687,0.13464206218637784,0.2907219432234764,0.06809492344404836,0.27498667721897363,0.09131720508297556,0.20087463437467815,0.08432151198439575,0.6626796622186899,0.13542263069101784,0.29684759826660156,0.06851411886094595,0.2636873422384262,0.09116070417068632,0.19027446506917475,0.08381061991551121,0.6557107584655285,0.13169277264158846,0.29616187315434217,0.06693096878015035,0.2651435304522514,0.08845480944722976,0.19438735300898552,0.08184755554774155
0.6194738122403621,0.1042451414199796,0.25288505988568066,0.05346325745402897,0.32983886470049617,0.07601575894622714,0.2157009560182225,0.06594585939174354,20.049180388070624,0.6207043558955193,0.10658484425575505,0.2536853053167462,0.05391372485768716,0.3286997766017914,0.07715780855265335,0.21503446778059004,0.0673310638885425,0.6279152150869369,0.10347713297127714,0.25696458715200426,0.05339759205750103,0.32190730592906475,0.07539604078012052,0.21025984818339347,0.06500541430536198,0.6282208638548851,0.11015695906258789,0.2522652697071433,0.056557207037262684,0.3299213257163763,0.08049409701317653,0.21041247266680002,0.06908255513701293,0.6025870548248291,0.10676247184898502,0.24603232048600912,0.054944767756588526,0.34463451446443794,0.08040938550873997,0.22675399840027094,0.06839354202136515,0.6269217186152936,0.11401558091349537,0.25510932472646236,0.056052931090845,0.3260618200838566,0.07858807764299122,0.2114640868574381,0.07164378987870756,0.6160466974914074,0.10036132227318176,0.2546747835829854,0.052353945809044115,0.3273654020011425,0.07400714054593797,0.21769425439834594,0.06359574768256313,0.5974112695336342,0.10048726398018622,0.25011482174545524,0.05122048660906592,0.3383224388808012,0.07373820498139556,0.2297819273173809,0.06461727857982695,0.6087458192765712,0.10521882573111091,0.24884682852625847,0.05471503563954462,0.3386493857592344,0.07874740320764682,0.22268102337568998,0.06723858383582718,0.6431891682744026,0.11275945086960693,0.25841709160208703,0.056495226840079266,0.31794364580512047,0.07927505724608946,0.201079806022346,0.07011199192779315,0.6164577839076519,0.09447278375685941,0.2558257825598121,0.050382896868393985,0.3248778804078698,0.0715694590649546,0.21714085976481437,0.05991118075577138
0.6031196458041668,0.09158631674294167,0.27155168014019726,0.05242963616568275,0.30485268328115345,0.07360638201789803,0.22566780014887336,0.059410089017024686,18.797488393841718,0.589904506868124,0.09185345257232204,0.269699864564836,0.05336855447920425,0.3107205045863986,0.07571799279759381,0.2343278920993209,0.060421277055513846,0.622493797826767,0.09384218343035201,0.2779483406752348,0.053988676098740196,0.29208597418069837,0.07526863367053777,0.21329762298464774,0.05994304727188547,0.5989779866695404,0.09629261469543553,0.2695544330179691,0.05371355716728598,0.30926059555262325,0.07612557090060079,0.22860742868185044,0.06270155529918245,0.6038339302062988,0.09447673370752357,0.27048173747360704,0.05559567512635861,0.30693295164853335,0.07795699124651423,0.2253551602616906,0.06131314098411316,0.6038735628843307,0.0918986018109652,0.27113443413823846,0.053082416870228535,0.3053900705397129,0.07448583236300417,0.22518210530281066,0.0594204659239045,0.5720827798008918,0.08600620965056077,0.26457206347435713,0.05022795574429677,0.32154904179275035,0.0716949162968088,0.24581274394989014,0.057309345003114735,0.615701489597559,0.08756709927698828,0.2772556944668293,0.05021142211165872,0.293431975209713,0.06973333442271787,0.21735439521223307,0.05627917724264066,0.6125327423751354,0.09407934128382169,0.2754560182288289,0.05364612617963181,0.29758635252267124,0.07498435553360618,0.21968585732281207,0.06035375248385298,0.6035246476352215,0.09580009990274425,0.2722545721516013,0.05429879227394606,0.3043303575456142,0.07603216115006267,0.22562367869764566,0.062176814546950114,0.5959666030466556,0.09361800007444013,0.27120625088065864,0.05280770031785301,0.30715076275020836,0.07416659919633165,0.2304525743097067,0.061346274256217734
0.6606261359989644,0.11592672210780273,0.2758403120428324,0.06802447321858333,0.29193721892014146,0.09385509772403806,0.19044621326094494,0.07245017859594254,19.50486292484129,0.6641856805205345,0.12306365814655784,0.2795967390596867,0.06950963905257505,0.2867674747079611,0.09535120416630848,0.18860765669941904,0.07634227827018528,0.6541855800509453,0.1165388714435679,0.2732613753683865,0.0684954197806714,0.29693375855386256,0.09529673757352017,0.19447677655220033,0.07292407379617474,0.6700514333546161,0.1253912101652611,0.2766363366872072,0.07262318063115486,0.2908128473058343,0.09992919158037537,0.18514448675066233,0.07785837538363098,0.6452894176244736,0.12364624420424608,0.2714964699074626,0.07340663146477748,0.3027669346556067,0.10275462942550209,0.2005055293649435,0.07808974764526318,0.6517219953656197,0.12133635163779523,0.2725859679669142,0.06808126029725672,0.29869330326020715,0.09461171146833698,0.19633373968601228,0.07643649399614161,0.6951075560867787,0.11553454382536957,0.2904031068466604,0.0676026265560165,0.26589721578359604,0.09109622748029624,0.16924661771208047,0.07040151849768952,0.6524349186301232,0.10684257694039727,0.27607590040415525,0.06341513836472305,0.2915021875232458,0.08750890214083772,0.19504495782405137,0.06694999878663177,0.6540481800556183,0.11187712049131807,0.2725777695953846,0.06690079795077436,0.2973252071917057,0.09332570527042128,0.1943229018032551,0.07023245511160635,0.6595304673850536,0.1219666474274716,0.2753969447046518,0.06899371135518195,0.2934507950469851,0.09548163102611251,0.1914674507215619,0.07619439239578568,0.6514268938839436,0.11284911234763927,0.27458009599745276,0.06655186472023186,0.2949110510930419,0.09196247945663126,0.1960628873616457,0.07149833580437565
0.5905379667818547,0.10756041810437995,0.27705348919183015,0.05838956871414043,0.3018725143134594,0.08047447775273513,0.2348542553490959,0.07135424755382884,16.895714634231894,0.5928557594656945,0.1072811504133325,0.27835942599773406,0.05780306633042381,0.29931068269610406,0.07910017795796039,0.2333203634798527,0.07112030083051586,0.6000482773840428,0.11221776414946458,0.28017192609757186,0.06019374619936677,0.2958515843987465,0.08171344228200317,0.2288967515617609,0.07381092783904446,0.5865930259346962,0.11437909431549952,0.2766909078195691,0.061492697792085896,0.30447350292354824,0.08481398998074385,0.23791913670897483,0.0763268040043853,0.5892603586316109,0.1172038697747649,0.27360841471403835,0.06203243387132278,0.308728019541502,0.08616158071071589,0.2363378526970744,0.07797743278588101,0.5870055912822485,0.10996434878643901,0.274995592880249,0.059197372982952044,0.3060131244599819,0.0814397878474482,0.2373676878541708,0.07346799216034991,0.5966438613474369,0.10161612628955109,0.280415689535439,0.05548507194377157,0.2946648538649082,0.07580599141206633,0.23047164829075337,0.06685790001851995,0.5846318754315376,0.10603043965732181,0.27676490940898657,0.05723824522110956,0.30333724593371153,0.07861307323630286,0.2386894667506218,0.07097991474500583,0.5893237657457591,0.11459230113209748,0.27758655575811864,0.0630057737373234,0.3026918839409947,0.08551563541838036,0.23614890509545802,0.07651975102992578,0.5939719427883625,0.1120407241318042,0.27613243613392113,0.05996861196777567,0.3030938654199243,0.08279191686299628,0.23288013441711664,0.07415559193533554,0.590415505117178,0.10661108816142065,0.27851490840762855,0.057862784737230714,0.29952803028076885,0.07884454102475355,0.234868436011672,0.07063422526858398
0.6107495072960853,0.10550724083506915,0.26186860545277596,0.052971048351030406,0.31834602870773526,0.07486239851180974,0.22136389759666053,0.06691345042142803,17.434006520066504,0.5936839980304242,0.10362704617644085,0.2574430171892047,0.05278541006398135,0.32865953599959613,0.07566517795780138,0.23238939811736345,0.06676800477228055,0.6002583716630936,0.10476229636966274,0.2603195665061474,0.05328336362226238,0.3228587466061115,0.07469140165681835,0.22814084101319312,0.06702095616383615,0.6324242755413055,0.11822151057971919,0.2662623444914818,0.05812305682515339,0.3092289824128151,0.08107083070087864,0.208181668753922,0.07381059310499435,0.6089792562842369,0.11207810793192394,0.25840364644676445,0.056092434361953616,0.32492856149077415,0.07946953029471565,0.22289559288918973,0.07133019832268356,0.6067379450917244,0.10721944037087079,0.2595580957442522,0.05346091430559094,0.3229339185923338,0.07609223662256025,0.22408486901521682,0.06851025903511683,0.6148939445912838,0.10178151326336143,0.2676401810467243,0.05139144701549199,0.3084414480641484,0.07147554132403448,0.21851221531331538,0.06458163523157853,0.6187111045420169,0.10116648745631149,0.2675084596782923,0.052064309873259836,0.30790247430801393,0.07260116400894236,0.21601795019507408,0.06390031013276422,0.6200081063270568,0.10820313852481903,0.2627130709737539,0.054761698504766046,0.3156928242787719,0.07769655869593056,0.2155524809703231,0.06819239652915599,0.6022117606639862,0.10680374717674697,0.25863573010116814,0.05471968455775492,0.32548075366616247,0.07795410641942976,0.227003324046731,0.06846822207438319,0.6097567778229713,0.1074671791991141,0.2629438304334879,0.05263074449989158,0.3170519495546818,0.07387935569004023,0.22212734298557044,0.06834403145212604
0.6488189805984497,0.11032226018685204,0.27157926152646544,0.06021180750326958,0.29806435167752204,0.08230889275658107,0.1974249419280095,0.0685057515619192,17.581861464774647,0.6523463710963726,0.11747696933564356,0.2730138597458601,0.06145824661055079,0.2961011357441545,0.08380575279434278,0.19559216633439064,0.07262510699874238,0.6210935250639915,0.10567568901280987,0.26407259683161977,0.057744831192587526,0.31363081140220167,0.0803099909403676,0.21474965904653073,0.06689860412772537,0.645817225074768,0.12019904976055541,0.26847080304920673,0.06315451326324627,0.3044384627431631,0.08701826293190952,0.19987317440211774,0.0749285580556118,0.6472905305624008,0.11527136439792939,0.2686160746201873,0.06292169444810668,0.30351082021147013,0.08679814648608872,0.1986552635744214,0.07167387946755505,0.6549914124131203,0.11618166391597677,0.27316811893582343,0.061914305354087595,0.2954015000373125,0.0844996858265063,0.19387279198467733,0.07176584197108608,0.6540937596261501,0.11004508766531974,0.27509880295097827,0.05940212528764499,0.29193728064447644,0.08086106995412734,0.19410625941902399,0.0680370445565788,0.6646000403881073,0.11018469394800044,0.2787283717483282,0.05874320914381385,0.2849288247913122,0.07972621314254368,0.1875868257716298,0.06771170261028146,0.6487818679392338,0.111601298429169,0.2712077716097236,0.06091241653775675,0.29885896125584843,0.08367144164023077,0.1975170026063919,0.06930301094038258,0.6453468304038048,0.11063251270645211,0.26950659422725437,0.06134913220325311,0.30203900808990003,0.08508914620895283,0.19963832453489302,0.06905084457667082,0.6607904682993889,0.11122861142096972,0.276220971095562,0.0605118364562237,0.28942826581150294,0.08218128183388766,0.1899927604213357,0.06840132665147786
0.6202204745054245,0.11360613608338552,0.2673754042267799,0.05446891929036645,0.30914027767926455,0.07556384713863883,0.2157663703640923,0.07210006437329741,18.744198695424274,0.6201480970621109,0.11405212844696312,0.26870259221941234,0.055747836674588144,0.3074530355632305,0.07732097862905314,0.21582862685471774,0.07227278713331213,0.617963885241747,0.11384815966572608,0.26992077454924585,0.05532759444334992,0.3060948220133781,0.0762681950669101,0.21727821479439735,0.07287312404179197,0.6560620206832886,0.12416709192282165,0.2762942791461945,0.05902849540072215,0.29088554747849704,0.07992014033785813,0.19364800065755844,0.07654066692102347,0.6273579883635044,0.12100352919317846,0.2657074285402894,0.05800641559001406,0.31134044232070446,0.08085906275647688,0.21163334656655788,0.07639378673049588,0.6312195835113525,0.11762535000051066,0.2701149622246623,0.05657792173525465,0.30360734329521655,0.07814082677202161,0.20897081429064274,0.07411078891966694,0.6077073950409889,0.1110802094687888,0.2661881964966655,0.05291926723957106,0.313036139754951,0.07320552576489806,0.22369530151635408,0.07112249697168249,0.6036822989463806,0.10650293038846147,0.2652478690057993,0.05157062781474795,0.3147904789671302,0.07208727826045906,0.22605238845199346,0.0684645323888788,0.6170772365570069,0.11795389520032414,0.2657006454512477,0.055959545881656324,0.3129003173470497,0.07794400478070615,0.21807141018658877,0.07526559748207184,0.602576062643528,0.11605483630581141,0.2612559206232429,0.05578686308659516,0.32236757226586343,0.07777517502653566,0.22735054802000523,0.07475884491709273,0.6156313991129398,0.11351259457968671,0.26830089045614003,0.05430922360054552,0.30863592386543753,0.07446884937875003,0.21872024271637203,0.07234183330058074
0.6676487585663795,0.12161634872617831,0.2843750030308962,0.059857199606312556,0.277221703974111,0.07898061972360296,0.18622658098996836,0.07363825776460835,15.992942778968683,0.6717632839858532,0.12275172303605683,0.28581841923743484,0.06040088365014363,0.2747731297969818,0.08016543731490551,0.18374652684628964,0.07411845718403184,0.676997916573286,0.12219929119423703,0.289402524651587,0.06018626588670342,0.26894625553786755,0.0797324504622811,0.18050514248013497,0.07366206227619192,0.6606884026885033,0.12550395283027144,0.2806921413436532,0.061864254968461,0.28427743220478296,0.08295103013988432,0.1907781076297164,0.0764743834984461,0.6596148586094379,0.12760999118102698,0.27810283469110725,0.06248556163673786,0.2883910954102874,0.08428759346338237,0.19154959304481745,0.07760668511241184,0.6770094658613205,0.11889882258572079,0.2861393126025796,0.059159939942886985,0.27310805640518665,0.07881974996586279,0.1803423557728529,0.07190833819170112,0.6743357178151608,0.11852726573958343,0.2906954244956374,0.05932007656635362,0.2671591127902269,0.07825495242872547,0.18193776374310255,0.07148351976250457,0.6599955569982529,0.11304699769717527,0.28187811970859766,0.05664657455881373,0.28101893202513456,0.07600906723185487,0.1905247628837824,0.06888687038080327,0.6642766000807285,0.12605168686471163,0.2824868100270629,0.06161779025460551,0.2810861168608069,0.08215105566127491,0.1885555232897401,0.07638366654596321,0.6702387977123261,0.12467138852506658,0.2854763360261917,0.0617414057966941,0.275874537217617,0.08212834203722985,0.18480556083619595,0.07547734693442085,0.6647611577689647,0.11941288089256502,0.2844972387254238,0.05868427204437741,0.2772971638575196,0.07819807958476578,0.18790949609726668,0.07259594212488947
0.6513378415822982,0.12359863908486499,0.2936576681733131,0.06063712022148891,0.2676544616069645,0.07980262723547837,0.19663821081502947,0.07713232005682688,18.76508841406317,0.641072784563899,0.1294828584285889,0.29318958420008423,0.06244557299287286,0.27096191186904905,0.08268510492158208,0.20348651328384876,0.08148035442700154,0.6354700458496809,0.11993514747040243,0.2893880162537098,0.05899761014896425,0.27591452664136884,0.07829701565968077,0.20643789410293104,0.07569169360534794,0.6617273423403501,0.13132451499380154,0.2965716205120087,0.0635412195248319,0.26301738055348395,0.08332938238164268,0.1906643652483821,0.08187291783950901,0.6495394468277693,0.13224631228535458,0.2896163700208068,0.0649382187931014,0.27499826963990925,0.0860041600833491,0.19833453297317027,0.082897094714532,0.6566482257604599,0.1252568334579148,0.2938992484420538,0.06267454563765154,0.26675094164013863,0.08205403563681313,0.19338161497116088,0.077556453599205,0.6579692081272602,0.12070937916101127,0.2980778393730521,0.05845576601261683,0.2598928323507309,0.07648267068818965,0.19228912662416697,0.07464817780806028,0.6584597424507141,0.120496676404346,0.30059031000733377,0.05957618464603532,0.25665245847404006,0.07838398579867129,0.19200562929362058,0.07486547644514542,0.6549962387412787,0.12517508072017175,0.29418421063274147,0.06139388123107782,0.26663364373743537,0.08116542697666278,0.19447907129973174,0.0783088137275396,0.6437002473503352,0.12536396085809579,0.2914182650819421,0.06170063340664421,0.27243380549252033,0.08154319274427901,0.20156721266806127,0.07877391310195704,0.6464010497361422,0.12504162804784166,0.29349637187421324,0.061108428206961274,0.2690317317411304,0.08065538382578964,0.19988589437752963,0.07885725739596423
0.5502690694451332,0.12194994467127528,0.2615516444280744,0.06376251939476915,0.3372386616565287,0.09143108046807277,0.2626107902176678,0.08078690939664154,17.491701507453797,0.5446227803707123,0.12654064344921,0.2623046697795391,0.0668671331370447,0.3385747642815113,0.09413043511234395,0.2668213356539607,0.08409418925979922,0.5498000454932451,0.12716227928849438,0.2614845403626561,0.06380839040307211,0.33789607205688954,0.09057267486909629,0.26329200648069384,0.08403202098602619,0.5422955634653568,0.13014281513773737,0.257823204497993,0.06684330272651309,0.3468318952858448,0.09643380334760054,0.26871139649003745,0.08667493558461942,0.5486380706250668,0.13414738227285447,0.2583549805656076,0.06892911995713508,0.34486960714161397,0.0985225239098537,0.2645846841931343,0.08833111967416094,0.568947423005104,0.12685265411376997,0.26763250968009233,0.06516120055437127,0.32368233562409876,0.09164563042846664,0.25025654638111594,0.08265698277094151,0.5518828049838543,0.11916100711847784,0.26326943490505217,0.06222735488702905,0.333423061645031,0.08759062716959308,0.26132956612855196,0.07904930343514692,0.5700940378427506,0.11575143556540243,0.26653069499582055,0.061395208437653004,0.32322451791465284,0.08653399014512905,0.24872708239108324,0.07538594917115411,0.537756941112876,0.12758155210669947,0.25826538999080656,0.06576751428705904,0.3469325533673167,0.09415614681818714,0.2717056814879179,0.08569907621194507,0.554155502575636,0.13362387811703444,0.259391271366179,0.06712268025957399,0.34129978790283205,0.09561709135354335,0.26079921962320807,0.08796426835104043,0.5584320607751608,0.1251854647396514,0.26126454497873786,0.06343376825467169,0.3356184036836028,0.09055507419023759,0.2572469518139958,0.08215820180924907
0.6209744542658329,0.11954912850629616,0.2833224654868245,0.06062487002752621,0.287786804741621,0.08189168554676697,0.2158581420714967,0.07807803036415902,14.276377724671136,0.6139122089117766,0.11990635369060476,0.2802622784256935,0.05964561133352279,0.2936075694784522,0.08145771717481305,0.22049336040169001,0.07925660435835463,0.6451707150697709,0.12360874244402899,0.29019500196129083,0.061633736020862015,0.2740347770690918,0.08209617692992728,0.20072700195014476,0.07958258073500249,0.63240810546875,0.12733676127540372,0.28424539739489557,0.06465630700736687,0.28564962004125116,0.08701428748256261,0.2091073731660843,0.08304791577232688,0.6204538227140903,0.12484364426345462,0.2799747880101204,0.0648900425985066,0.29392434927672145,0.0883061328388387,0.21657747748792172,0.08187169576397163,0.6298329020559787,0.12216292063842898,0.285792277623713,0.06251766117165845,0.28304694243371487,0.08404922574476727,0.21033284510076045,0.07911185965965858,0.6256105088442564,0.1122642333664418,0.2855167001217604,0.05874848220765367,0.2828500173926353,0.07930816509945557,0.21241450394839048,0.07293555197046307,0.6059823010444642,0.11496694716397744,0.2797874152198434,0.05913792548600463,0.2953358169808984,0.0803764229181923,0.22529027719944716,0.07620462363501655,0.633085558757186,0.12176351422534765,0.28303979764282705,0.062013156023817635,0.2862904492601752,0.08464296807107165,0.20822414323091507,0.07859100669520608,0.6299180966287852,0.12336841482080824,0.28435301185250283,0.06190252205172301,0.2851164470732212,0.08357101909953266,0.21037266021370887,0.08004223915331443,0.6088519301861525,0.11275111979348515,0.27736218755990266,0.0585900124014252,0.29790022958666085,0.0802671956055074,0.22324276896715164,0.07416289198712088
0.643994739729166,0.10826419499947697,0.2994720156982541,0.05968711757191833,0.259700818904303,0.07804547327198597,0.2004072716953233,0.0681668838325466,15.903945091308117,0.6385757234215736,0.11363104477143932,0.29881865125894547,0.061486564770686127,0.2622867616638541,0.08091114941125971,0.20414707172513008,0.07206832034243595,0.6439840723514557,0.10647019171405686,0.30021296803504227,0.058599105141634876,0.2584538412213325,0.07687966092176834,0.2003203416764736,0.06705602869668308,0.6539315913915634,0.11911059043485492,0.3022160699874163,0.06475838314922643,0.2558105032965541,0.08444634024863396,0.1947756802380085,0.07446732352144768,0.6461472498536109,0.11931599888696665,0.2974969238743186,0.06391339898815693,0.263569961078465,0.08450801322782626,0.19968789510577917,0.07515175269910775,0.645457531529665,0.11097110006480074,0.29865329864025114,0.0604585537260967,0.26087428255081174,0.07937234746866893,0.19962113775908946,0.06965060804265634,0.6522152401864528,0.10355480416231905,0.3031210722863674,0.05672375520679003,0.2525870446160436,0.07376469992143989,0.19497977462410926,0.06448004967735893,0.6399930443823337,0.10923068856604805,0.29923814707100393,0.059270849275222574,0.2607709021985531,0.07774085415782368,0.2029899764806032,0.06905117838628504,0.6498925202548503,0.1089777766409827,0.29991904280781745,0.05992490764008014,0.2581432696357369,0.07822487540778475,0.19673751433491707,0.06827808842361334,0.6494641991734504,0.11139615317999223,0.3013696679353714,0.06048395248146929,0.2565191531091928,0.0789232018027505,0.19714124885499476,0.06987147519414204,0.6321793240666389,0.10945189951205153,0.29509775204211475,0.059554999142579376,0.2679554980546236,0.0790078067869111,0.20794239540547133,0.06945557277118984
0.5788314058363437,0.11185235315170625,0.2588863272219896,0.0532520790707356,0.33062877196744084,0.07371955275430168,0.2427242622643709,0.07324661266971556,14.73906766292859,0.5650904406547547,0.11966582909962951,0.25704299407452347,0.054782450952160944,0.3379308321818709,0.07607063420444538,0.2524366112232208,0.07898999885561947,0.5836369633823634,0.10979164142312003,0.2617854122042656,0.05179895385948055,0.32476431274712086,0.0719795908865789,0.23940478431880474,0.07163713223241999,0.5765393025159836,0.11420725021030582,0.25552944474965333,0.05461690650223063,0.33671491551995275,0.07608159508634546,0.2443920373082161,0.07480583452901161,0.5768143050014972,0.11462936514337527,0.2552639240041375,0.05583793055456236,0.33740797155946495,0.07815858985176634,0.2442882897719741,0.07559177612465147,0.5748395900130272,0.11156210841526482,0.25679602137953045,0.05359313374103269,0.3349699163258076,0.0757491704489046,0.24537475166320802,0.07335069804992368,0.575355179041624,0.11038259178272945,0.25697836794406176,0.05301935088931132,0.334238123677671,0.0738752743145959,0.24495256264805793,0.07251583955836043,0.5876424055606126,0.11508438359272569,0.2647548795893788,0.05415028030772172,0.3201029401153326,0.07389470322396118,0.237073455581069,0.07473617905601139,0.5799323730409145,0.11339045016668234,0.2585094194084406,0.05375675543140014,0.331196546074748,0.07505888144142397,0.24207728591114283,0.07406435549656855,0.5840468298554421,0.12130005402700625,0.25871360391676423,0.056241781298418794,0.33091379798054693,0.07717490014174097,0.2398740329504013,0.07909073600397254,0.5942554425776004,0.11319147266499588,0.26498279258161783,0.053900536967612996,0.3180207725390792,0.07380762580114865,0.23258345538824796,0.07298827867010185
0.6212790336668491,0.11031773575399638,0.28849623243957756,0.05901972036435697,0.27923304697617424,0.07944339681291686,0.21494847932383418,0.07052145286797622,12.41867038219479,0.6130462029993534,0.11011213183904707,0.2852368655279279,0.058625567353310946,0.28540553060024976,0.07931409429618418,0.22024577340483664,0.07091931086377723,0.6314127008795738,0.11139588709590505,0.2923344651505351,0.058934050487783156,0.271940263569355,0.0785915218755865,0.2085043134868145,0.07033689716752783,0.617926597264409,0.11791279732290326,0.28619536584317684,0.06275773406105171,0.284365263196826,0.08465096290766785,0.21758263572305442,0.07582657190305918,0.612545799678564,0.1145404417723109,0.2816933312982321,0.06231023148816551,0.29151568253040316,0.084942156565451,0.22083783401846885,0.07383845139409442,0.616936193060875,0.1105692913080631,0.2866862436667085,0.060068604485748904,0.28283830838501456,0.08126167728845934,0.2177559711664915,0.0709258389599142,0.6280077485203743,0.10531518847626112,0.29131589744091035,0.05907693918607238,0.2736354491651058,0.07906894688985756,0.2103833446279168,0.06718099011823929,0.6297627333551645,0.10612659441961525,0.29130870241224766,0.0568670368572564,0.27301410464942455,0.07564469065282488,0.2093120308429003,0.06764072067483541,0.6184218332111836,0.1129326086234956,0.28835800433605907,0.06198618028252331,0.2806624432131648,0.08345515200133163,0.21694144897013903,0.07239568250098206,0.6253009893119336,0.11265520123376122,0.28948042124956846,0.06045337699275556,0.27747258616387843,0.08070581714800865,0.2125502803593874,0.07227675229816523,0.6320465714514255,0.10928785098412676,0.2926507519751787,0.060072888991754024,0.27143805124759673,0.08003542339620744,0.20802337575852872,0.06942331373227241
0.5550341073811054,0.08760720848905434,0.25668212306052446,0.051484405533256374,0.3379318860907108,0.07387289684052846,0.25726932927295565,0.058183513019773044,16.808513096846923,0.558136033064127,0.09205919742775011,0.2589873393446207,0.05338246172040959,0.334224521844089,0.07589494348884708,0.2554108085513115,0.06101612426469666,0.5513455713272095,0.0884125651768442,0.2544135489717126,0.05115558250263726,0.34243847960233686,0.07387274599376556,0.2598185958534479,0.05896659750806019,0.5562074612140655,0.09388736249657843,0.253933682513237,0.054817179297786144,0.34286751600950954,0.07851286026750903,0.256836265963316,0.06257096919767481,0.5405938886225223,0.09287679006173313,0.25228455860465765,0.05347822401825992,0.34952672514617444,0.077849991396327,0.2673995644256473,0.06237379406501505,0.5402262629151344,0.09098152218701412,0.25299282524734734,0.05346431964462846,0.3483598054975271,0.07733460905302078,0.26757190331220626,0.061443827493630164,0.5661361129641533,0.08850198963518342,0.2611535580262542,0.05212370746684981,0.32841481407135725,0.07361490652753414,0.24986259294450283,0.058566078966397116,0.5609190991044044,0.08522391573533815,0.2608939333334565,0.04947302487845117,0.32954989377707244,0.07055763921872699,0.2531935212448239,0.05656131741052217,0.5465241016149521,0.08944540953707543,0.25539085723608734,0.05156447803839042,0.3423954836770892,0.07434107364597708,0.26314365735948086,0.05972297201730354,0.5693332082986832,0.09229239193346062,0.2597250737592578,0.052898299845411466,0.33021188913583754,0.07551139111580434,0.2478994266450405,0.06064600228731552,0.5628616144657135,0.0925872175484093,0.2601217958509922,0.05300091849492165,0.33131555932462214,0.07553924450651431,0.2522684601053595,0.06131196361877812
0.6718464946389199,0.10620174168741235,0.30354841893315315,0.054308046297013655,0.24857757703002717,0.06981348324279528,0.18286851561969378,0.06438106110451207,14.605934906517746,0.6554213841140271,0.1057208691032437,0.29778449418991804,0.054007976207151046,0.2589192491978407,0.06996322524550903,0.19302603449225425,0.06491845296822187,0.6720832965791226,0.10590817014225233,0.30576498595178125,0.05477968806163954,0.24560371105670928,0.06986337240106179,0.18272601139843464,0.06439352305684078,0.6665559985160827,0.11065139991649768,0.30098670757859947,0.0577893749847104,0.2535924311444163,0.07478028631305648,0.18635053334087134,0.06730933007418159,0.6917847759962082,0.11113980130595628,0.3102491302281618,0.05838626678773258,0.23754127205610276,0.07434559125843897,0.1709214544504881,0.06643447508156787,0.6663518748283386,0.10718357198009454,0.30117501374036076,0.05674722462769075,0.2529922201097012,0.07311728667344386,0.1863156952857971,0.06534316213836053,0.6539154656946659,0.10602738108749891,0.3003604759275913,0.05393172182717643,0.2557022402584553,0.06994499694659685,0.19396701397001742,0.06500994253204324,0.6646067093014717,0.10233038270298973,0.30462984480559824,0.05232730727681659,0.2478054398059845,0.0675305279702865,0.18714797733575106,0.0622759887757566,0.6678371686220169,0.10720547491473395,0.30513397606611253,0.05477264306848513,0.24722125525176525,0.07052249719029634,0.18539076167345048,0.06518402644315872,0.6614096874833107,0.11305052129111601,0.30014243309497834,0.05649894393893396,0.25554455815553667,0.07290044380205707,0.18967340084910392,0.06914109526544275,0.7034321344196797,0.10832923034490897,0.31445665301978587,0.05583645706066469,0.22997992628365754,0.07087388666812874,0.16376357279419898,0.06434884882236235
0.5953689264118671,0.08996544922329487,0.27211534036695956,0.047232963999052135,0.30468583865836263,0.06530330905793746,0.23056761066950857,0.057817481867166585,13.057145919005535,0.6030629180550575,0.09462073976046342,0.27632000973820686,0.048970557691055905,0.2975068224161863,0.06722770974816604,0.22578043373674153,0.06039023655552535,0.5995409025728703,0.08742508897955245,0.274868415465951,0.047340188661828805,0.2996826919257641,0.0654377022692956,0.2277347557425499,0.05610072227387617,0.620662504696846,0.0967050413252684,0.2792223360955715,0.0509446107055787,0.2901875740662217,0.06991416965523657,0.2145302485972643,0.06082579443741562,0.5892672193169594,0.09079644080789316,0.2677453026145697,0.048741688453531204,0.31274002142995594,0.06830502806077256,0.23461576707214116,0.058772380168525845,0.5987654526233673,0.09266779121487309,0.2732104052558541,0.048375367148905384,0.302737933832407,0.06716159642152145,0.2284851452678442,0.05941616145756446,0.599505796533823,0.08562735299613596,0.27696080265045164,0.04662820587770098,0.2964199874281883,0.06340718918177107,0.22768524645417929,0.055097353431746016,0.5821452231407166,0.08778925795044094,0.2703046718925238,0.04678941509188028,0.31011410441100595,0.06480539225291203,0.23916091740429402,0.057176178178404244,0.5980540704429149,0.09235220392461127,0.2705909412786365,0.049532740862136354,0.306759090064466,0.06847578804160236,0.22892795868366958,0.059177528998729426,0.5882164993524551,0.08871148264125141,0.2701926158875227,0.0485562763567491,0.30921319207251075,0.06765846097219633,0.23520232401490213,0.05745444180735783,0.5650643088459969,0.09050251046915332,0.26566295816898344,0.04793656210527953,0.32141688240021465,0.0669354650039278,0.2506531033396721,0.05952761763834763
0.6795626688361168,0.1093591559058133,0.29182314843684437,0.054463930884342426,0.2635836909543723,0.07147592355449359,0.17833286924287678,0.06652711380153817,12.95380948219767,0.6688147870957851,0.11047036783656666,0.2897055982172489,0.056029013892216165,0.26845531914383175,0.07390344296109534,0.18498853911906482,0.06760991541543165,0.6668118804335594,0.10088154774418877,0.2880392815604806,0.05197338921904365,0.27000000229775906,0.06953992023252863,0.18576544273793696,0.061919017006777426,0.6927703565537929,0.11488729721630477,0.29437665030956267,0.05697843276849201,0.2588777017593384,0.07504064654435837,0.17054478834718464,0.06909712517606194,0.7028396914482117,0.12039763426008289,0.29631831733733416,0.058598519764337796,0.25540984557420016,0.07687236689701511,0.1647365425646305,0.07193502985204778,0.6884278840720653,0.11530111031171511,0.29239561622589827,0.05550010892975147,0.2620265825718641,0.07274944185420129,0.17323305265307426,0.06988775559538675,0.6753566463589669,0.11350849844873676,0.29274417564570904,0.054973675759929515,0.26330197979956865,0.07214596887660918,0.1811013470724225,0.06900463694758398,0.6776427298724651,0.11008396891521327,0.29188797924369575,0.053965865630313026,0.2637996610403061,0.07114959356828589,0.1795400127440691,0.06699357281558023,0.678804490172863,0.1118661948961067,0.2918134572163224,0.056466536504400075,0.2642208599969745,0.07489754289799892,0.17892092065513135,0.06807080680504622,0.6868523981869221,0.11180609698656324,0.2929650429695845,0.05546646813844237,0.26123948518633844,0.07272920201723616,0.17401052421927451,0.06777748327796344,0.6738079205393791,0.11104134142870085,0.2889549294173718,0.05426517487955159,0.268496423509717,0.07170414160270297,0.18193148653954266,0.06761529717301308
0.6431779304623604,0.11686669178269611,0.30199553478360175,0.05934639661538525,0.25719562766551973,0.0777729145335511,0.20150293944329023,0.07470314077304817,13.442181867419322,0.6278826465278864,0.1159935815809029,0.29808544287234545,0.05943695580545926,0.2653691858485341,0.07861658828314477,0.2112126191318035,0.07547923923610014,0.6474006102144718,0.11800238998227912,0.305106872664392,0.060600254229886505,0.25254212973713874,0.07905111945920641,0.19893539611697197,0.07547257367886213,0.6327971700042486,0.12525994293872314,0.29785344955474136,0.062335715566732085,0.2659324647128582,0.0823023930287381,0.20864045252501964,0.08091499216100577,0.6385810577183962,0.11738601951450532,0.2989867813423276,0.060971199833121,0.2623712592512369,0.08025135963138966,0.20442803500592707,0.07514188524846639,0.6469249803036451,0.11776043283972745,0.30090715395212175,0.06012099322139693,0.25822471539378167,0.07925957919569065,0.1991883337378502,0.07500438810493988,0.6492933927446604,0.1117404690874405,0.30552574509829283,0.05855838740242778,0.2508422755584121,0.07625626968053963,0.19735289072990417,0.07107048469167718,0.6479333468765021,0.11091757023919631,0.30257246777415275,0.05762810592372889,0.25475638513565063,0.0747308736454697,0.19811942041367292,0.07014901395896621,0.6322462767213582,0.11610193900101405,0.29827412659674885,0.061242408877794606,0.26446586913317444,0.08074638739277896,0.20838577106148004,0.07478761799360718,0.6498082611203194,0.11895483758746687,0.3033388255059719,0.06086331464017739,0.2546308753222227,0.07968597559813775,0.19747220197916032,0.07587748698003868,0.6701910748958587,0.12165076718410117,0.30998760718256235,0.06309831788272065,0.24279602140784265,0.08143212264805985,0.18489754129052163,0.0761515407532266
0.6590998672008515,0.12266877648768502,0.29645863207429646,0.062296873911007404,0.26277593658196274,0.08300708996514249,0.1917135837831709,0.07598271998309129,11.930052197494803,0.6530116431444883,0.12108049285484847,0.29527891060858963,0.062326397525719786,0.26526505533754824,0.08277664637702868,0.1954293808862567,0.07535091805053201,0.6596140342950821,0.12136048206561495,0.29892663587480783,0.06408509756491372,0.25936178926229475,0.08396315569378876,0.19132223067879678,0.0751950834545052,0.6487667346388102,0.12733171041953736,0.2916051790639758,0.0653728399617369,0.2720694504648447,0.0872336733990116,0.1984755119293928,0.07953130933536742,0.6549205758213997,0.12855832540545073,0.29419611806720497,0.06582726884848476,0.2675954112917185,0.08773721884993625,0.19467868094593285,0.07986330944702054,0.665355763927102,0.1253934604076089,0.29762111109942196,0.06441026436521212,0.2607236858874559,0.0858097624079455,0.18799683811068535,0.07750242058319731,0.6778309658378363,0.12594627599896013,0.30476250334978106,0.06207934782632775,0.24864729146659376,0.08128155385090635,0.18027822777181865,0.07672798426414754,0.6601342094480991,0.11736046272195999,0.29660228872150185,0.0611872822249002,0.26180674438923596,0.08133757357440854,0.1907626406610012,0.07258861858712208,0.6563855878025293,0.122360504893922,0.2941482493519783,0.0624041764178379,0.266388275821507,0.08351059309111225,0.19337536105662584,0.07577785630833342,0.6618360300809145,0.1258234348549462,0.29663439911007883,0.06435591574388244,0.2625458834767342,0.0847310000243856,0.19020742621421813,0.07792315095048477,0.6611714745491744,0.12876178679171804,0.2965034417897463,0.06433452635883073,0.26316471542716025,0.08545084182586617,0.190803661686182,0.07982958434323183
0.6142550929188728,0.07449813454660356,0.29238589444458485,0.04750149049168669,0.27129039574414493,0.06417968699832163,0.21768980838395655,0.04739297841883391,12.239335793393849,0.624474467086792,0.07863380640396957,0.29442643445134165,0.048588812753605895,0.26686302357763053,0.06527818084101739,0.21131366519629954,0.04948066978288467,0.6243209293007851,0.07936901446523596,0.29384251368045805,0.04900581166156325,0.2677874724149704,0.0659240605722394,0.2114414653301239,0.04996365070808369,0.6216439064204693,0.08171300690496339,0.29143644010722636,0.050506780837285055,0.2719448857858777,0.06834329145823945,0.2132469602137804,0.051609684656872296,0.6278515021681785,0.07956138438834397,0.29451956330686807,0.04907535413204588,0.2662413709551096,0.06620522746748027,0.20920138383358716,0.04989039969888134,0.6285997073292732,0.08090856909663298,0.2955183562219143,0.049789790189256056,0.26487062582969667,0.06676093763696503,0.20878239028155804,0.05073859001289838,0.5939025426149368,0.07348630512350475,0.2897239474073052,0.04749109300100891,0.2790888130441308,0.06476767220204747,0.23081878031492234,0.04756879769867724,0.6063788467586041,0.07252941897790237,0.29095595148950815,0.04587059361667585,0.27453652813732626,0.062204255371617966,0.2226832225471735,0.04644857855471102,0.6185128844499588,0.08408616176575157,0.2920476814866066,0.05094805315723269,0.2718862742841244,0.06903274334531076,0.21533367893844843,0.05302500254564461,0.6303914165139198,0.07956407677827676,0.29650355703830716,0.04904313377041972,0.2630467159092426,0.06572221410517438,0.20759807232916355,0.04990592594669921,0.5935051966309547,0.07442098867520151,0.28445788133740424,0.047147386441471775,0.28661217457056043,0.06535430613096099,0.23110859322398902,0.04807498346009823
0.6522045003831387,0.09771485299592968,0.29506460649371147,0.05236841022029132,0.2626982714816928,0.06973259427443895,0.19472194583974778,0.06110917148745959,13.77287157842943,0.6541260503709316,0.10242658630945835,0.2996126494824886,0.05379654274307834,0.2566711928278208,0.07124568592399697,0.19374278981536627,0.06383859023763915,0.6368415578901768,0.09665357707296143,0.29123144160062076,0.052023706114241376,0.27050263606011865,0.06964099707367896,0.20430252617001535,0.06088585185964845,0.6673908879101277,0.10795341186482375,0.29857694036066534,0.05612149924372129,0.25651952691674235,0.07393703118489706,0.18576654781252147,0.06644376504507146,0.6346540174126625,0.10340806924711948,0.2887133745893836,0.05512077116069034,0.2753488597214222,0.07440833087351871,0.20605842946767808,0.06565667463816083,0.6547100520253182,0.10433764349659562,0.2958402226299047,0.05381755810468222,0.2617924343675375,0.07116507337034196,0.19347775847613813,0.06505323592607241,0.6594572532474995,0.09806234037359372,0.29959783558696507,0.05211736248936643,0.25532274451851844,0.06912514955857739,0.1902079608604312,0.060779123772585375,0.6382471568763256,0.09743626204860505,0.2933225863799453,0.05127812747866465,0.2673318737387657,0.06809607254688038,0.20347917691916229,0.06165822874799391,0.6452431038379669,0.10448392602895712,0.29320707651376726,0.054567176241940345,0.26712113942205906,0.07230454184346595,0.199415837867558,0.06563612847276395,0.66639818521142,0.1053987475162179,0.3018511339917779,0.05552316721941675,0.2520227758705616,0.07277480628865869,0.18626898914575576,0.06511549862499738,0.6485044427037239,0.10154263040632916,0.2950505462497473,0.053950299013242324,0.26378870398402215,0.07175064198926483,0.19722071244865655,0.06363849287519172
0.5577121363759041,0.09210454349299184,0.28412194086313247,0.054613295513340585,0.29774709943532945,0.0755701993819501,0.2558307652041316,0.06264525161450507,13.66351704535316,0.5492745751321316,0.09062958371116718,0.28340330831706523,0.05436429342239666,0.30085626631379125,0.07572716498932197,0.261497740060091,0.06236174911859141,0.5708852451175451,0.09353459671886791,0.2881415813520551,0.0548404345549141,0.2888467241883278,0.07502011901917571,0.24701545893251897,0.06244617650558543,0.5572551600843668,0.10237492071289335,0.28513638704866173,0.059285190474732574,0.2979406660750508,0.08089317135284026,0.2567933000832796,0.06999255537779459,0.5509320068210364,0.09731965214229181,0.28323533410280943,0.0574858443423918,0.3016947820261121,0.07990317916176254,0.2607619829729199,0.06677697803600595,0.5485141819268465,0.09681344845615787,0.2804097676038742,0.05722024453681098,0.3063020639628172,0.07944496404424398,0.26238850674927233,0.06665937878418295,0.5581982260227203,0.09332457332453784,0.2858754640489817,0.05445616087908773,0.29505779242664576,0.07417776972911726,0.2555534215167165,0.06322595102532143,0.5694110181570053,0.0866487874545776,0.2858155570358038,0.05254949854669216,0.2916757082790136,0.07217982475630158,0.24764343854486942,0.05805705135576844,0.5599652696967125,0.09714300886914994,0.2851659474775195,0.05675934912155856,0.29635801493823527,0.07787710120303645,0.2545948699727654,0.06585180821628638,0.5554759608149529,0.10030811839739323,0.2832334845766425,0.05844524646646525,0.30082587408721445,0.0802658134740796,0.25785197442173957,0.06850011454975116,0.5596421776354313,0.09376815877029487,0.2838441247358918,0.05537703380353265,0.29785844040960074,0.0760962020695823,0.25462633157521486,0.06372028754035372
0.6629119199573994,0.10102048656134509,0.31523639099597933,0.055023724063434296,0.23428795441817493,0.07029490422749536,0.18815222543105484,0.0617670403534483,11.969527765770067,0.6638385935425758,0.09804868886003046,0.31815928073227406,0.0539208955808134,0.23003058354109526,0.06870070484360824,0.18745364025086164,0.06005833139254238,0.655134706813097,0.105345155096127,0.31398663135766985,0.05682917626448981,0.23770323386490344,0.07306334981107974,0.19320197115242482,0.06489720923484765,0.6721085792839527,0.10686573206364866,0.3185639835983515,0.057589226893919196,0.22917539926469327,0.07318047852685959,0.18274672219455243,0.06485100841820274,0.6599435601353645,0.10398110396876685,0.31370988170802594,0.05654777420102267,0.23724712590128183,0.07329931607779039,0.19015573288202287,0.06399863627658531,0.6744478879034519,0.10890514323210622,0.3198697265714407,0.05776922524931551,0.22727899293601514,0.07334942519063295,0.18140683670341967,0.06597818634846757,0.6591029069900513,0.09922977278243177,0.31331720933318136,0.05353853860796679,0.23710748164057732,0.06839947536185376,0.1904240102812648,0.06074228368608321,0.6666651769042015,0.09873267750376205,0.31815709331333636,0.05393244794895331,0.22965395686626433,0.06900335423039208,0.1857272654056549,0.06020868641308751,0.6636917717933655,0.10476040151087569,0.31690030860006807,0.0577719868216007,0.23261449855715036,0.07424310033819179,0.18785814931988717,0.06416686760762105,0.6568410898089408,0.10062031986514697,0.31151185964643957,0.05540669049472707,0.24022936806976794,0.07154762410567689,0.191906078889966,0.06184902997451205,0.6535799775600434,0.10650509433672331,0.31115420345366,0.05741249934278457,0.24182133978754283,0.0737924434814917,0.19422411583960056,0.065614012991122
0.6790648970425129,0.08357346105438043,0.30478862170279025,0.04715850188620602,0.24389774400033057,0.06174276606363436,0.17750476102186366,0.05066063290034416,12.525664822258705,0.6679777841567993,0.08343735370532886,0.3031910559952259,0.04702979320658518,0.24766568597257138,0.06180584300905356,0.18428871886581183,0.05092043122076055,0.6755468366324902,0.08167723271480547,0.3030576597601175,0.04707995403388422,0.24662740498483182,0.06180536233795093,0.17958916034400463,0.0497281357048904,0.6763155100166798,0.08830380206836416,0.301997470331192,0.05086801755857873,0.24865693271905184,0.06679826964961619,0.17935051267296076,0.05338465071142761,0.6866671272873879,0.08671485680818669,0.30596590777933597,0.050128936085819274,0.2417354702413082,0.06554015715199124,0.17300203483998775,0.052359329377968764,0.6802934073150158,0.08964742549561898,0.30308514676988124,0.04995616976248085,0.2466074134171009,0.06546248174903338,0.17699558022022246,0.05437954654770261,0.6706020822644234,0.08334039837630702,0.30519117948710917,0.04683738517578736,0.24453057746887208,0.06092551681964615,0.18266715129613875,0.05068627686218551,0.6856393281400204,0.0848806680517793,0.31033951757252215,0.04784888499501281,0.23571778023838996,0.061836336008239845,0.1735443287476897,0.05109162585912617,0.6765435135006904,0.08646487309128867,0.3045804756999016,0.04840481771776599,0.2448337278008461,0.06342403189457954,0.17915936373323202,0.05257531808814728,0.671033098167181,0.08292123931889496,0.3032400604844093,0.04896867389371101,0.24730552392601968,0.06415650815971444,0.1823909970521927,0.05048383261799356,0.6924641170501709,0.0861840630124533,0.31011273263692857,0.04933573183904895,0.23529562588334083,0.06378760253606965,0.16945985608845948,0.05164481322134001
0.5530013111948967,0.08726943924808639,0.28222576026767493,0.05225002570039141,0.3007995703667402,0.07176666812068219,0.25870908440351487,0.059070309980005405,13.236311381161897,0.5519860707491636,0.09238815013675013,0.2850821764826775,0.0528332718540594,0.29740056736916304,0.07151776285740313,0.2597087643146515,0.06288843805408897,0.5603316541612148,0.09244745921512476,0.28652246712744234,0.05483571174270595,0.29359328024983405,0.0750794306921987,0.25403294644653795,0.06216767311433185,0.5535479548692703,0.09333873854294332,0.282633669988811,0.05533674034923164,0.30096203051656484,0.07548343079847708,0.25868377228677275,0.06323141979459446,0.5530685505509376,0.09080587676301473,0.2804323279187083,0.0540726196469119,0.3039193221643567,0.07464045363286655,0.25884829625189304,0.06134091878266469,0.5635530871510506,0.0887400103441863,0.28368261703252795,0.0524233261793498,0.2961503603696823,0.07119363371916065,0.2516696470409632,0.05962190259146729,0.5584123046576976,0.0905251449160208,0.2837506409332156,0.052872893734310256,0.297516837258637,0.07193146706521712,0.2552161241650581,0.060903878580273456,0.5646211086153984,0.08865916258100921,0.2839971052154899,0.05079574501468897,0.2952251346364617,0.0693005820051331,0.25093145865797994,0.059307935439164676,0.5458119429290295,0.09285901688128549,0.2790960452750325,0.055725711739787805,0.3082035340830684,0.0768715059091305,0.26394428638219836,0.06351320403236085,0.5471131258487701,0.08944969880847105,0.2804981347426772,0.053339560429446944,0.30511398732364176,0.07310930133282134,0.2628357993632555,0.06084460618649288,0.5417328259170056,0.09102211404224224,0.27850272192955017,0.0541946838278299,0.3097994976297021,0.07515829368641076,0.26662355806231497,0.06238449276308281
0.5773828169316053,0.11269651410414297,0.30147700450122356,0.06057704090527967,0.2709639416903257,0.07958787630315642,0.24387143258713187,0.07518462340332174,13.16703355250587,0.5682369369000196,0.11136709960064436,0.2992123645439744,0.061175072883233386,0.2762141857370734,0.0805950155999117,0.2499131664276123,0.07487775437862494,0.5990716470122337,0.11392527911957509,0.30866520043313506,0.06069726578707186,0.2564144778996706,0.07860929398163402,0.22957995452582836,0.0743276221006488,0.5689369016945363,0.11828391866534205,0.29904046332389117,0.06374911627255948,0.2772976217627525,0.08381734514677328,0.24990997509509325,0.07938422295021334,0.5738358439832926,0.1129673162017975,0.2990948492065072,0.06094007606278347,0.27523449182510373,0.08084773476245362,0.24626622743308543,0.07563886956533512,0.576860998493433,0.11581846118175113,0.30072368420660495,0.0619575147863244,0.27259605040550233,0.08133512218669671,0.24442723710536957,0.07727090132913327,0.5735708534002304,0.11567065057500941,0.3023855259165168,0.06109685786425091,0.27094622519761324,0.07992349115376778,0.246646511118114,0.07764907285837139,0.5779536346673966,0.11413829424785435,0.30089267113506796,0.060189710867898094,0.27168783751130104,0.0786869227425035,0.24360073318183423,0.07624819992341347,0.5798747046738864,0.11927741890541145,0.30325251309871676,0.0633238498831882,0.2689061902359128,0.08270453456759956,0.2426460654065013,0.07930774269877698,0.5769281042456627,0.11292813748298497,0.30138321809470653,0.060893919163310314,0.2712444528788328,0.07984282499017321,0.24418940516412257,0.07535545461585051,0.577620604851842,0.12248497673998912,0.3039130008846521,0.06433986938477375,0.2690019543081522,0.08454300288287024,0.24434986647516488,0.08132330633875834
0.5511419461011886,0.08457299846510087,0.26397863549143075,0.043981967248862365,0.3266941133528948,0.06179802504404432,0.25982760078459977,0.05733205384890488,12.062276160121883,0.5708242735415697,0.09176314526990088,0.27234308749735353,0.04670670582784448,0.31018219505995515,0.0638105980339315,0.2469707501143217,0.061410292102415484,0.5416117056131363,0.08577405228207888,0.26211639024913314,0.04520937563949396,0.3323009538948536,0.0636834803409798,0.2663717403113842,0.05832048532530357,0.5580608317434788,0.09370176290925303,0.26559271630495784,0.04756123614987319,0.3235859208032489,0.0657875326179946,0.25563030192255976,0.06304424727370851,0.553702710968256,0.0871883512552269,0.26523350265175105,0.04637609682808531,0.32466039331257346,0.06486130940592216,0.25823685582876205,0.05907754219657578,0.5461623647153377,0.08427310472499724,0.2621438466280699,0.04482333371795956,0.3308434900552034,0.06301197937122752,0.26319219191372395,0.057241753182830556,0.5430592423439026,0.08231956429097605,0.26316328648924825,0.04351468658806687,0.32982298441529273,0.0611640761238772,0.2651945292904973,0.05585837204215843,0.5414042220652103,0.08553482505366787,0.26606855995059014,0.04479458441209667,0.32636415470540525,0.06213935763321373,0.266543173751235,0.05869670998020039,0.5461531523793935,0.08644336196382883,0.2625732051745057,0.045907253690313767,0.3305716751143336,0.06471346396590451,0.2633355782136321,0.05898028644002042,0.5486265315532685,0.08970129030710144,0.2639020700275898,0.04622947823076144,0.3281225442826748,0.06450218527872205,0.2617988840907812,0.060709492829856715,0.5418956007778645,0.08673556320189599,0.2636612941086292,0.04583040698118028,0.3300939196705818,0.06414120422259693,0.266269368596375,0.05945558316328562
0.605796633964777,0.07704264396498656,0.29403237923681735,0.04588396561299303,0.27057788365073504,0.06106259551385753,0.22324137793183327,0.04942412730158032,12.73354772464063,0.6076600931406021,0.07779054596514433,0.2964751050114632,0.04622752334492486,0.2669256307244301,0.06135296844729724,0.22206394762694837,0.049755328838617295,0.614093996578455,0.08099979103997375,0.29753952597528693,0.047275805360851575,0.2644551809757948,0.06209613301070026,0.21805147286951543,0.051482991203017414,0.6157079564988613,0.08591766800704617,0.2961548514932394,0.04944865232917801,0.266608194616437,0.0653398081944212,0.21723445624113083,0.05464486880845044,0.5959318680286407,0.0816292154181203,0.29075549154281616,0.04776493703165734,0.27767526537775994,0.06441586641222635,0.22983834454864263,0.052753122655028656,0.5845862878978253,0.08166819848926356,0.28687798849344254,0.04803405205238677,0.28552069963812826,0.06437657131705116,0.23727233690321445,0.053224068174497395,0.6184154820978641,0.07705219116673223,0.3001585403740406,0.04580615583542465,0.2597414561524987,0.06052971058870168,0.215127518568933,0.04889447451185852,0.5947290771901608,0.07524019281757512,0.2907475840002298,0.045016153602016676,0.27722096592187884,0.060515509383242114,0.23034721619784831,0.04861755534187339,0.604910133010149,0.0803653077449785,0.2930581091433764,0.046641834785010015,0.2723817458689213,0.06221492071206931,0.22395353334993123,0.051594685070835936,0.6122374747753143,0.08421145661353803,0.2966937436252832,0.0486970505461521,0.26633281933367253,0.06423034856531541,0.21937847082018852,0.05354908006731821,0.6098472453713417,0.08179992422460336,0.2950733303397894,0.04854210014670097,0.26889161391556266,0.06437005989649197,0.22081822185814381,0.05218235013659367
0.5919361251115799,0.08941469606501794,0.29353328602313994,0.04951126686482602,0.27535512018874286,0.06543758901390709,0.23286821227297186,0.05870308202490742,11.524385472901287,0.5900869457423688,0.09106639125044412,0.29368283559679986,0.04960868200169537,0.2756489398986101,0.06535801312384815,0.23416129840165376,0.05981663399911165,0.5793785521686077,0.08794218936788484,0.28971852780878543,0.04933524182927417,0.28334407443404197,0.0657992388244704,0.24106662829220296,0.05829824120302494,0.5933633724212647,0.09566809097522531,0.2925495614618063,0.052919000022651645,0.27726506484597924,0.06967278855080111,0.2322678356230259,0.0628545431603837,0.6125496642440558,0.0939674410368358,0.30009643212854864,0.05209888307226625,0.2626972410917282,0.06792911915404314,0.21970673924088477,0.060762581276437626,0.5913906450986862,0.09232670753874472,0.29241284702420234,0.050712805702194615,0.2773800814896822,0.06708439683064671,0.233377591457963,0.060669022994807864,0.5837036671549082,0.09753464048646525,0.2910889368116856,0.052761179783170256,0.28156158712208273,0.06945164564748565,0.23874846174418926,0.06480558394258858,0.6016492294967175,0.08911755941276023,0.2952738803803921,0.04854495336020355,0.2707709936589003,0.06435036752963233,0.22649130953401328,0.0577367752823794,0.5862742463111877,0.09313796574217295,0.2928212139487267,0.0524354429310498,0.2781743277266622,0.06924464283973224,0.2367705314412713,0.061278222472210306,0.5946788301289082,0.092392200862233,0.2929553691655397,0.05118254067748054,0.2759756834626198,0.06749383658611308,0.23123263883888723,0.06062652237162181,0.6007713734865189,0.09477352021880452,0.29614269154667855,0.051360907576481804,0.27045406854599713,0.06739192829052698,0.2273675357669592,0.06172886631293392
0.6115324814856052,0.0928762851406864,0.29794362224042414,0.04847574306206075,0.265292725584656,0.06384604019734619,0.2202417384132743,0.05924221524792571,12.960656922748626,0.6061591312766075,0.09621082605954555,0.2965402908265591,0.04976284816062679,0.2685988353252411,0.06489158131068543,0.2238814329624176,0.061636872186301456,0.6079868861973285,0.09666240533924093,0.2979784909814596,0.04920574383817389,0.26626663819253443,0.06483895087098691,0.22270067736804486,0.06158448934351921,0.613827557528019,0.10181278953129504,0.2965150968700647,0.052274487965219545,0.2678368275985122,0.0688046001585631,0.21920282712578773,0.06467869063864126,0.6178873426854611,0.09901260556359243,0.2990179938197136,0.05122113091175976,0.26322356065809727,0.06670296181205433,0.21642991922497748,0.06249213524877049,0.6111739421367646,0.09568276542879628,0.2974697214126587,0.04988136355757302,0.2663347334265709,0.06557637768895526,0.22060025687813758,0.0609096393312383,0.6167242340683937,0.09534707875847116,0.30210008499920366,0.049386089551550945,0.258875359608233,0.06441285168239638,0.2170305947497487,0.060688930599033665,0.6238117115199566,0.09315989670446552,0.30249700019061565,0.04856496046472005,0.2567429367005825,0.06343403889465277,0.21236367587447166,0.05865774088585514,0.6105138535797596,0.09789410308807654,0.30048485320210455,0.051000842716923706,0.2626691154539585,0.06656683234025515,0.22118393701463937,0.06292371824442392,0.5921495098769665,0.09599761385890022,0.29138547952473165,0.0483302555861658,0.2785617456972599,0.06436701773516303,0.23300259365737438,0.062165011980609614,0.6181035939633847,0.09863430633199563,0.2986674150124192,0.052013609445289585,0.2637846978470683,0.06792016069238892,0.21630255568772555,0.06262516694236399
0.5394709405958652,0.08236512326136401,0.27543735619187354,0.047031888205424685,0.3131371017426252,0.06553578557392149,0.26766388664990665,0.05616947556903866,10.79896237411711,0.5299589768648147,0.08343233518218683,0.2740029540538788,0.04654836656512813,0.31794047082364557,0.06534852722384143,0.2742856517553329,0.05742525247312963,0.5569111901581287,0.08522303387892693,0.28189765743166206,0.04906934672690829,0.29970025939643385,0.06750555769224269,0.2559537019848824,0.0575003947341976,0.5447677937865257,0.08689448299459869,0.2780129055991769,0.0487190236301457,0.308622077010572,0.06836285929022755,0.26429055148661135,0.059155745959172654,0.5251973311781883,0.08630745554493505,0.27219066896140576,0.048730606627506154,0.322589634989202,0.06912491107954409,0.2777604721903801,0.05972768671803975,0.5370821812570095,0.08550550872459624,0.27554418589770796,0.04860047559388685,0.3141558943331242,0.06809610501599392,0.26949348877966406,0.058672120955447736,0.539889851552248,0.08215271294131295,0.27592795225977895,0.04709474813200511,0.3123286220729351,0.06567265272785075,0.2673806188583374,0.05620220167794183,0.5201127835214138,0.07901977784977895,0.2715226499468088,0.045616438896827774,0.32403216280639174,0.0645827078460677,0.2809145402029157,0.05503529162587627,0.5583233871579171,0.08746421818292766,0.2809484373241663,0.04926761274308404,0.3008918816059828,0.06804447694001776,0.25509563891887665,0.05865900926411198,0.542260918802023,0.08685036349128869,0.2763572610467672,0.04906197720380194,0.31169378753602506,0.06823508591968086,0.26601607052385806,0.059401244849675384,0.531789806252718,0.08872536091403062,0.27328872361928225,0.04943473995169134,0.3192868512749672,0.06915326503088316,0.2733175395026803,0.06101152971041616
0.6045189517080783,0.09265424848506529,0.28640918427705764,0.04619506258606684,0.2823522800989449,0.0616632472617292,0.22473926449809223,0.059075622377963335,11.925070612941937,0.579100326794386,0.08891605333317544,0.27892577420175074,0.04653233772010364,0.29833405373841526,0.06291902472576914,0.24122865788638592,0.05802048087338556,0.6189956261456012,0.09299699218592039,0.2924076690286398,0.04726432453843827,0.27121207030415534,0.062089512371961676,0.21541637579500675,0.05851635754780771,0.6134774323225022,0.09856341562949529,0.2881166720837355,0.05017836828464525,0.2790097237601876,0.06653368092880045,0.21925109938681125,0.06251870466870926,0.6075556384325027,0.09585083699448882,0.28624970877170564,0.049962724534515314,0.2826618394613266,0.06704714007994392,0.22293721765726804,0.06106609351359105,0.6128922029078007,0.09807261175953706,0.2881432399243116,0.048827257991507035,0.2788958390802145,0.06493403612873595,0.21959331816136837,0.06210966795399669,0.585481809270382,0.08948198484028551,0.2820260851264,0.0462178757974571,0.2924619797706604,0.06245935288878942,0.23702956954538823,0.05794766297960559,0.6098311565876007,0.09136601274167289,0.288704826566577,0.04506229383988046,0.27785902003198865,0.06018934015525759,0.22123406866192818,0.05792049538074148,0.5998232112586498,0.08937227506930213,0.28646636458337305,0.04688717682725295,0.2830888923600316,0.06223265466771115,0.22763754141926765,0.057266410839761174,0.6160087259590625,0.09569811406291187,0.29043415372669695,0.049670886723829084,0.27499032797813416,0.06545510208082882,0.217468091994524,0.0604362356378459,0.6017198273658753,0.09510103407575783,0.2851800613686442,0.04758039431537365,0.2849953695371747,0.06364314267144822,0.226679111944139,0.06078349596184609
0.6247872465193272,0.08414496815001588,0.289302668595314,0.04748370919745822,0.274065941080451,0.06398902356572896,0.21137160901799798,0.05340899744459474,11.610597989132089,0.6230975431740284,0.08430020150076611,0.29198748076856135,0.047945159310554944,0.2707065341696143,0.06403079168429142,0.21245425676852464,0.053565353354814674,0.6322469299256802,0.08723018053118894,0.2940563427299261,0.04891943718719438,0.26643945725262164,0.06491354981266859,0.20677045906484126,0.05508016974124226,0.6087887376666069,0.09090009957699634,0.28266063574254513,0.050894122530447394,0.28732687950730323,0.06877737070472559,0.2219496139124036,0.05853491232944417,0.636379378926754,0.0926473112039579,0.292430582267046,0.05066614031098868,0.26850114775002004,0.06776542272244897,0.20439952840209008,0.05830324136182464,0.6125649785816669,0.09105198834202351,0.28500918817520143,0.04973808505926453,0.2831488883346319,0.06747565614959745,0.21951246027946472,0.05834533648022348,0.6193771054208279,0.0857612415002035,0.2890920203089714,0.047466251838432234,0.2754702291995287,0.06390551601654686,0.21488981411457062,0.05458117434487301,0.6160897235691547,0.08461485731889447,0.28751450465619566,0.048315831286793925,0.27834522130191325,0.0651208648927095,0.21695646904110907,0.05415301163795819,0.63691855006814,0.08754770448026315,0.29466695491969586,0.048113002841864295,0.2647273722589016,0.0643129370858923,0.20382668564617634,0.055014568213166276,0.647384621077776,0.0918522792189513,0.2958354707866907,0.050113036618064905,0.2617693352282047,0.06652902078174806,0.19743784565031527,0.05725915909290346,0.6058604076385498,0.0846626112038027,0.28482892045527697,0.048545236490239924,0.2842213186115026,0.06615347810409464,0.22354101663678885,0.05451468626112663
0.6349731077253818,0.10297995156548219,0.3119708725631237,0.05284432196819201,0.2430814931532368,0.06742445620105411,0.2057484171895776,0.06432417505737931,12.146028051735271,0.6407628111004829,0.10121231734948163,0.31589082051217554,0.053336801989321024,0.23677655322402716,0.06720190827299377,0.20199635599553584,0.0628728024173938,0.6352703372776508,0.10107367743146554,0.31341856933534146,0.05256364582393532,0.24094977631270886,0.06685768857837257,0.20546980501711368,0.0631830961915001,0.6213698429346085,0.1129284186009207,0.30635687650740145,0.0581466510499135,0.25443042003810407,0.07458071027798116,0.21495381080657244,0.07122027368216016,0.6426152481615544,0.1087546994412395,0.31298875815868377,0.056978470032222756,0.24124398618638515,0.07242515619658134,0.20120309332460165,0.06737019257359046,0.6379030303657055,0.10693434030114121,0.31244972302913665,0.05514708049576149,0.24247459813654423,0.07040114280091041,0.20409768363535405,0.06665229265600703,0.6449434148490429,0.10193209820061609,0.3156364816218615,0.052179293269322746,0.23637667210996152,0.06665353096397676,0.19938313675373792,0.06289714849094924,0.6319143143892288,0.09891576400645381,0.31036614881157876,0.051402836056472896,0.245409795281291,0.06623094681073732,0.20751253565549851,0.062273031008062904,0.622177352976799,0.10359171055040531,0.30898600855618713,0.05414711860691257,0.24957148627638817,0.06932575941705743,0.2139228233665228,0.06526886956113565,0.6392133459448814,0.10481059136170615,0.3136178474396467,0.054623746983827534,0.24046290371418,0.06936907490660937,0.20315684237480164,0.06522519036726177,0.63261813621521,0.10356336763597875,0.3124446539103985,0.054108042792812644,0.2430644031777978,0.06914389522419868,0.20726939612329007,0.06477908057947196
0.6257199022948742,0.08206451955787,0.30019876081347463,0.04292607163652917,0.2582833916641772,0.056345508854901125,0.21067962231636048,0.05189667099248639,12.803488136844635,0.6238146889209747,0.08686828334375393,0.2996344722956419,0.044307249836971575,0.2598367086306214,0.05821178089379837,0.21211197394579648,0.05520094992255725,0.6381075976550579,0.08522708631290643,0.303812225151062,0.04381606018377002,0.2514553622573614,0.056878226064784085,0.20298132916092873,0.05356144566390703,0.6361587075591087,0.0898288785057515,0.3005903498023748,0.04557045769719979,0.25660167928189037,0.05991628781037993,0.20439548192024232,0.05632193770973963,0.6153881603181363,0.08675014027144967,0.2968842063397169,0.04548686415174203,0.2653200926095247,0.06027869420147699,0.2174960834428668,0.055459673114542425,0.6359542686164379,0.0877666433893598,0.3031395234376192,0.04550425285406804,0.2530421785622835,0.05896028099753219,0.20445123670697213,0.05528501912004138,0.6189689221441745,0.08226252023621794,0.2986280650526285,0.04376260063339207,0.2617983168452978,0.05764477366662776,0.21501127830147743,0.052551222977270655,0.6175260747671127,0.08255424858375159,0.2964403232187033,0.0425782021376919,0.26496402293145654,0.056674598877138604,0.2159323385566473,0.05257350663295808,0.6464584672749043,0.08811992310172195,0.3059957085132599,0.04500394844884602,0.2474039592206478,0.05842695669531625,0.19785922152400018,0.05503302875120452,0.6313954036951065,0.0861633514826803,0.30100853990912435,0.04510713234038786,0.2566190861940384,0.059090782692231926,0.20725738749206066,0.05435580486653053,0.614642563444376,0.08380896418654663,0.2964234541416168,0.04410476364189475,0.2657891420468688,0.05856591666879303,0.2178543986439705,0.05376635311646423
0.5824524924635888,0.09519411019957381,0.2971023884087801,0.051134383036864434,0.272827847748762,0.06632391050045396,0.2392869908310473,0.06138624813114663,11.968014167862577,0.5859342449724674,0.09951718293597364,0.2987009199887514,0.05164906752620946,0.2702118715941906,0.06663265308419375,0.23721848770678045,0.0640203741133031,0.5834272702395916,0.09608033814709725,0.29583245416879655,0.05108712249696627,0.27450720370411874,0.06691564778261083,0.23871006934940814,0.062168397468439364,0.5830437900662422,0.10393267733015854,0.29648448720276355,0.05542743804043137,0.2747244817480445,0.07186341415420225,0.23936813341379165,0.06695483314866806,0.5858487051904202,0.09961672728297123,0.2974261410474777,0.05404652426821616,0.2723060325086117,0.0701764486675137,0.23727016947716476,0.06396800596896572,0.5804172349691391,0.09456009014071762,0.2971263735920191,0.05080975532275369,0.27323408909142016,0.06639386787852061,0.24061933651864528,0.06130451593900886,0.579859019523859,0.09451866870921385,0.29588088403344154,0.050801066859933616,0.2750405749604106,0.06615001085321619,0.24098038137704134,0.061222820468441345,0.582858407586813,0.0935314402348433,0.2963517775475979,0.05128378675950751,0.273732403691113,0.06699094654906645,0.23894636737406255,0.06046301587067412,0.593712437415123,0.1008290598119311,0.3006820967674255,0.05389018531808229,0.26617507887929676,0.06951397096230415,0.23216027507036924,0.0643008107058888,0.5818973195135594,0.098357921149708,0.29515045565664766,0.05324058886169032,0.27611864830255506,0.06912617661160829,0.2398104733198881,0.0633182918512718,0.583996435034275,0.09829121760611122,0.2976079880833626,0.052663062013738084,0.27219799339175227,0.06827360482932296,0.23843124308139085,0.06332035162893494
0.6267835107207298,0.07917853028325716,0.30535872999727726,0.04893672886792177,0.2516037485592067,0.06406498495989937,0.2098655654486269,0.0497192436614958,11.892753043130881,0.6227239176034928,0.08269851416775029,0.30544370004832744,0.049304929885540145,0.2524828538179398,0.06485150954976311,0.21258794071227313,0.052020832142956705,0.6340389749526978,0.08140624241781634,0.3080457668572664,0.049071920804182455,0.2468447155445814,0.06400426218567583,0.20535656618773937,0.05080145895503411,0.64000804220438,0.0860175160337172,0.3093503626078367,0.05198459303857906,0.24464825113415717,0.06749846440574274,0.20179018715769054,0.05356434598695129,0.6180899903595447,0.08479498821676941,0.30220104638636114,0.05113057181428461,0.25812585483938455,0.06786226298977752,0.21566478246301413,0.053928281952781425,0.626338279646635,0.08402129357741304,0.30575780766904354,0.051063708189944323,0.2516861784696579,0.06696975139830615,0.21035940567553044,0.05297183308904414,0.6308128569900989,0.08365566604525262,0.3074212303519249,0.05056834399121274,0.2485524927854538,0.06610604720759254,0.2074931203842163,0.0523994641578302,0.6259820741057396,0.07907069360725348,0.306063158878684,0.04856082756794556,0.2507914652109146,0.06384101470954143,0.21037756954431533,0.04978443423324288,0.6229710440456867,0.08316395802516292,0.30648718203008174,0.05024353129866123,0.25113857264518735,0.0655512523136661,0.21245645554959774,0.05240427684609558,0.6116776208877563,0.08070879830763457,0.30068357845842836,0.050187161995450216,0.2609929532200098,0.0661421893665237,0.21959166845679284,0.051385361871301063,0.6278749696552753,0.08339618733478713,0.30653145865798,0.051528450299367,0.25036919528245927,0.0674824760809664,0.20934385870993139,0.0523243346660995
0.6105498494684696,0.10036339045130376,0.29372563016414643,0.052282959737284945,0.2721524089345708,0.06885404244999863,0.2211991857012501,0.06339690983740269,10.995183246458794,0.6235282354176045,0.10353660788053136,0.298731369715929,0.05287387563312935,0.2630709449082613,0.06941256466708354,0.21302598298043013,0.06480843190947061,0.604420530706644,0.10183526267281888,0.29144513040483,0.05144960183942077,0.27663211593329906,0.06844317053846323,0.22526208286583424,0.06482045097889123,0.6109574166417122,0.10947324743277938,0.292011550912261,0.05424810635253096,0.2753918567612767,0.07201041323772364,0.22141161207556725,0.06897492083546676,0.6086132588684559,0.10440002768028377,0.2915693216353655,0.05462342053817866,0.2762158058926463,0.07260875612150143,0.2226948952615261,0.06640809847935601,0.6173348264753818,0.10724951570781995,0.29478957795500754,0.05520181201808513,0.27028760421276093,0.0729473903321709,0.21722141469120979,0.06776807689577058,0.6215243430495262,0.1014404437522672,0.29707784658074377,0.05241367145156572,0.2654662951290607,0.06843087412079872,0.21420439992696047,0.06363662125768568,0.6149909139633178,0.1002314209419382,0.2951562421053648,0.05275230073894257,0.26936850078701974,0.06931865792858315,0.2183470533579588,0.06332128937345056,0.6082177339076996,0.10279408610455713,0.2910337551116943,0.05275112459786129,0.27662067293226716,0.06972281069641187,0.2228554229900241,0.06529966149913298,0.608102146923542,0.10353360138044773,0.2913450027525425,0.054517383467903455,0.2764706111073494,0.07207650713679031,0.22294902909994124,0.06552811136855931,0.618656859087944,0.11006315603735861,0.29337731002867223,0.054707820813153965,0.2719911176621914,0.07155475387768806,0.21649037446975708,0.06906175415661031
